,Media Source,Date,Text,Compound,Positive,Neutral,Negative,Tweet Count
0,BBC,Tue Mar 27 18:30:07 +0000 2018,"When mother Marie mysteriously leaves the family home, the repercussions are enormous.

#ComeHome | 9pm | @BBCOne |‚Ä¶ https://t.co/S4JgnzQlAx",0.0,0.0,1.0,0.0,1
1,BBC,Tue Mar 27 18:00:08 +0000 2018,"üá©üá™üòÇ Even if you don't speak German, this is worth watching until the end! 
#LiveAtTheApollo https://t.co/J3l8oToRbk",0.2942,0.128,0.872,0.0,2
2,BBC,Tue Mar 27 17:00:07 +0000 2018,"üçú We've got oodles of noodles with recipes for pad Thai, chow mein, ramen, pho and stir-fries.
üëâ‚Ä¶ https://t.co/JWfrcIhn2X",0.0,0.0,1.0,0.0,3
3,BBC,Tue Mar 27 16:00:15 +0000 2018,üò¨ What does Facebook know about you? https://t.co/lG4ffeCG09,0.0,0.0,1.0,0.0,4
4,BBC,Tue Mar 27 15:40:40 +0000 2018,RT @BBCTwo: Happy #WorldTheatreDay! *leaves this here and runs away* @SaraPascoe üé≠üòÇ https://t.co/3XlEb5gr15,0.6114,0.25,0.75,0.0,5
5,BBC,Tue Mar 27 15:38:26 +0000 2018,"RT @BBCScotland: Meet the master of the radiator harp

@DaftLimmy returns to BBC Scotland on Thursday 5 April. https://t.co/G7mjFEJx6k",0.0,0.0,1.0,0.0,6
6,BBC,Tue Mar 27 15:36:22 +0000 2018,RT @bbcthree: 12-year-old Keilan has very severe curvature of the spine. He needs surgery ASAP but the 5 hour operation could leave him par‚Ä¶,-0.3064,0.0,0.866,0.134,7
7,BBC,Tue Mar 27 15:33:24 +0000 2018,"RT @bbccomedy: Cathy, master of shade. #Mum https://t.co/VjC2ttkaNF",0.0,0.0,1.0,0.0,8
8,BBC,Tue Mar 27 15:26:23 +0000 2018,"RT @BBCR1: (‚Ä¢_‚Ä¢)
&lt;)   )‚ïØwho
 /    \ 

  (‚Ä¢_‚Ä¢)
 \(   (&gt; bit
  /    \

 (‚Ä¢_‚Ä¢)
&lt;)   )‚ïØBeyonc√©? 
 /    \ 

https://t.co/7hQd9mcKUY",0.0,0.0,1.0,0.0,9
9,BBC,Tue Mar 27 14:30:37 +0000 2018,"RT @BBCWorld: It's 50 years since the death of Yuri Gagarin, the Russian cosmonaut who was the first man to travel into space üë®‚ÄçüöÄ https://t‚Ä¶",-0.5994,0.0,0.86,0.14,10
10,BBC,Tue Mar 27 13:33:01 +0000 2018,‚ù§Ô∏è The first polar bear cub to be born in the UK for 25 years has been filmed adapting to its surroundings. https://t.co/EsxbH18cN5,0.0,0.0,1.0,0.0,11
11,BBC,Tue Mar 27 12:00:08 +0000 2018,The ancient Greeks thought a life of ‚Äòconstant leisure‚Äô was the highest life you could live. https://t.co/sascCq8iks,0.0,0.0,1.0,0.0,12
12,BBC,Tue Mar 27 11:05:06 +0000 2018,"There's over 50 classic cookery shows being served up on @BBCiPlayer this #EasterWeekend. 
üëâ https://t.co/CKECZMGmx8 https://t.co/j3RfAYQvTI",0.0,0.0,1.0,0.0,13
13,BBC,Tue Mar 27 11:00:06 +0000 2018,"üé≠ @MargotRobbie is planning a new TV series, which will give Shakespeare plays a 'female perspective'.
üëâ‚Ä¶ https://t.co/pTLXfve0ds",0.25,0.125,0.875,0.0,14
14,BBC,Tue Mar 27 09:52:08 +0000 2018,"üöÄüåé 'Mad' Mike Hughes flew his home-made rocket to try and 'prove' the earth is flat. 

üö® SPOILER: it's not.  https://t.co/f5oNRItwyq",0.0,0.0,1.0,0.0,15
15,BBC,Tue Mar 27 09:40:22 +0000 2018,"RT @BBCTwo: Now we've got our country back... what actually is it? ü§î

#CunkOnBritain starts Tuesday 3 April, 10pm, @BBCTwo. @missdianemorga‚Ä¶",0.0,0.0,1.0,0.0,16
16,BBC,Tue Mar 27 09:39:23 +0000 2018,RT @BBCBreakfast: A team of abseilers have been roped in to give Cheddar Gorge in Somerset an extreme spring clean. https://t.co/iYmkiizeRi,0.4019,0.124,0.876,0.0,17
17,BBC,Tue Mar 27 09:38:59 +0000 2018,"RT @BBCR1: We can't get enough of @george_ezra's Live Lounge üòç

Watch him perform 'Paradise' and cover 'These Days' right here üëâhttps://t.c‚Ä¶",0.0,0.0,1.0,0.0,18
18,BBC,Tue Mar 27 09:36:48 +0000 2018,"RT @bbcgetinspired: Check out @JesseLingard and some of his @PremierLeague mates showing us their super moves. üï∫üèª 

Show us yours with #sup‚Ä¶",0.5994,0.157,0.843,0.0,19
19,BBC,Tue Mar 27 08:00:04 +0000 2018,"When this woman visited an uninhabited Caribbean island, the last thing she expected was to find it covered in plas‚Ä¶ https://t.co/cpKW9tl61v",0.0,0.0,1.0,0.0,20
20,BBC,Tue Mar 27 07:30:04 +0000 2018,"About 700,000 people in the UK are on the autism spectrum, with five times as many males as females being diagnosed‚Ä¶ https://t.co/PXJMuG76Tn",0.0,0.0,1.0,0.0,21
21,BBC,Tue Mar 27 07:00:08 +0000 2018,"The number of children living in relative poverty in the UK has risen to 4.1m. 

This is the story of Tyler, one of‚Ä¶ https://t.co/xFtEAjBTXC",-0.4588,0.049,0.827,0.124,22
22,BBC,Mon Mar 26 19:03:02 +0000 2018,"Filmed in Nottingham during the worst winter for the NHS on record, groundbreaking series #Hospital returns tonight‚Ä¶ https://t.co/PVSIcvCGc9",-0.6249,0.0,0.806,0.194,23
23,BBC,Mon Mar 26 18:24:04 +0000 2018,"Tonight, George Alagiah explores the fascinating history of Queen Elizabeth II and her beloved Commonwealth. 

The‚Ä¶ https://t.co/xXer4FRyTq",0.7783,0.312,0.688,0.0,24
24,BBC,Mon Mar 26 17:30:04 +0000 2018,üê∂üòÇ It was a Dachsh(und) to the finish line. https://t.co/7VvkU5GfUg,0.0,0.0,1.0,0.0,25
25,BBC,Mon Mar 26 16:25:02 +0000 2018,"‚úàÔ∏è Joy and Mary flew WW2 planes before any navigation system was installed.
#RAFat100 https://t.co/yxNMblfTEf",0.5859,0.213,0.787,0.0,26
26,BBC,Mon Mar 26 15:45:04 +0000 2018,"Tom Cruise stars in a remake of the 1953 adaptation of HG Wells‚Äôs classic novel. üçø

War of the Worlds | @BBCiPlayer‚Ä¶ https://t.co/h19JvTlFSA",-0.3818,0.095,0.744,0.161,27
27,BBC,Mon Mar 26 15:11:57 +0000 2018,"In her role as head of the Commonwealth, the Queen embarked on her first tour of the nations in 1953.

But by 1970‚Ä¶ https://t.co/Av61bahNZF",0.0,0.0,1.0,0.0,28
28,BBC,Mon Mar 26 12:58:02 +0000 2018,"Never let a squirrel nibble your nobble... üéàüêøüò±
https://t.co/cHm9m6At3m",0.0,0.0,1.0,0.0,29
29,BBC,Mon Mar 26 11:48:03 +0000 2018,Apple wants to introduce new emojis to better represent people with disabilities. ‚ù§Ô∏èÔ∏è https://t.co/CcJfojmtTa https://t.co/ZRdEhVPMEm,0.4404,0.172,0.828,0.0,30
30,BBC,Mon Mar 26 11:00:05 +0000 2018,"A crack that opened up in Kenya‚Äôs Rift Valley, damaging a section of the Narok-Nairobi highway, is still growing... https://t.co/T5YocDauYj",-0.5106,0.0,0.837,0.163,31
31,BBC,Mon Mar 26 10:00:07 +0000 2018,"From hot cross bun gin to Creme Egg Yorkshire pudding, this year‚Äôs Easter treats are bigger, weirder and more decad‚Ä¶ https://t.co/HvDJmgcB5q",-0.128,0.0,0.93,0.07,32
32,BBC,Mon Mar 26 09:35:06 +0000 2018,RT @bbcpress: Sue Perkins will return to host the 2018 #BAFTA TV awards on Sunday 13 May on @BBCOne. https://t.co/pieSWNAGbH,0.4588,0.136,0.864,0.0,33
33,BBC,Mon Mar 26 09:33:01 +0000 2018,"üòÇ @BillBailey is NOT a fan of taramasalata. #Room101 

https://t.co/soAAz27c0C",0.3182,0.247,0.753,0.0,34
34,BBC,Mon Mar 26 09:04:01 +0000 2018,"The kiwi bird's egg is so large, it takes almost ten days to lay! üê¶ü•öüò≥  #DavidAttenboroughsNaturalCuriosities
https://t.co/AkZqK9vzZZ",0.0,0.0,1.0,0.0,35
35,BBC,Mon Mar 26 08:29:04 +0000 2018,"ü§îWhy do so many celebrities decide to enter politics?

Some have done so more successfully than others...‚Ä¶ https://t.co/MkEDpSeLMJ",0.5819,0.182,0.818,0.0,36
36,BBC,Mon Mar 26 07:30:10 +0000 2018,"Wishing you could get out of bed just that little bit earlier? üò¥

If you need some motivation to set that alarm, he‚Ä¶ https://t.co/zsisa2oA4s",0.2263,0.161,0.749,0.09,37
37,BBC,Sun Mar 25 19:44:01 +0000 2018,"Could this be an answer to global water shortages? üèúüíß This machine creates water out of thin air. 

https://t.co/caz4nXMJg5",0.128,0.101,0.821,0.077,38
38,BBC,Sun Mar 25 19:15:06 +0000 2018,"Tonight, @regyates meets people whose lives have been devastated by the Grenfell fire. 

Reggie Yates: Searching fo‚Ä¶ https://t.co/HPgtcZuHte",-0.7506,0.0,0.714,0.286,39
39,BBC,Sun Mar 25 18:40:04 +0000 2018,"Tonight, @mcgregor_ewan and @McgColin celebrate the centenary of the Royal Air Force. 

RAF at 100 with Ewan and Co‚Ä¶ https://t.co/nF2iwBP51b",0.5719,0.163,0.837,0.0,40
40,BBC,Sun Mar 25 18:13:03 +0000 2018,The first ever statue of David Bowie has been unveiled in the town where he debuted Ziggy Stardust. ‚ö°Ô∏è‚Ä¶ https://t.co/lFgROYVkv1,0.0,0.0,1.0,0.0,41
41,BBC,Sun Mar 25 17:30:07 +0000 2018,"When you're enjoying being single and people just can't deal with it. üôÑüòÇ @kathbum #LiveAtTheApollo 

https://t.co/byHMHWyhPq",0.5267,0.185,0.815,0.0,42
42,BBC,Sun Mar 25 15:03:03 +0000 2018,"üá∫üá∏üèùüá¨üáß Welcome to Tangier Island, the tiny US island where people speak with a British accent.‚Ä¶ https://t.co/1RoM285gRJ",0.4588,0.167,0.833,0.0,43
43,BBC,Sun Mar 25 14:30:02 +0000 2018,"üí¨ We could listen to him speak all day. 

üìΩ Sir David Attenborough's voice was just as iconic in the 60s as it is t‚Ä¶ https://t.co/zYi3oK5C13",0.0,0.0,1.0,0.0,44
44,BBC,Sun Mar 25 14:09:03 +0000 2018,"Predictions suggest a build-up of about 80,000 tonnes of plastic in the Pacific Ocean is growing rapidly. ‚ôªÔ∏èüåäüíî‚Ä¶ https://t.co/uKD9BQWmUi",0.1779,0.091,0.909,0.0,45
45,BBC,Sun Mar 25 13:03:04 +0000 2018,"üëΩ‚ú®üõ∏ @prattprattpratt stars as a happy-go-lucky hero who joins forces with an unlikely group of aliens. 

Guardians‚Ä¶ https://t.co/B9W7kRZ1Qz",0.5574,0.184,0.816,0.0,46
46,BBC,Sun Mar 25 12:03:02 +0000 2018,"Weighing just 100g, a newborn panda is one 900th the size of its mum! üêºüíï #DavidAttenboroughsNaturalCuriosities https://t.co/nKLQh03DJs",0.0,0.0,1.0,0.0,47
47,BBC,Sun Mar 25 10:30:04 +0000 2018,üêüMeet SoFi - the soft robot fish developed by MIT to swim among real fish in coral reefs and around the ocean to he‚Ä¶ https://t.co/HDa7q7WsHf,0.0,0.0,1.0,0.0,48
48,BBC,Sun Mar 25 09:30:15 +0000 2018,"Ever wondered what made you feel moody? It might be your gut.

üëâ https://t.co/l8oMv5gPN2 https://t.co/vq2yhtBOAn",-0.3612,0.0,0.839,0.161,49
49,BBC,Sun Mar 25 08:43:31 +0000 2018,"RT @BBCScotland: Up your brunch game with perfect poached eggs.

via @bbcthesocial https://t.co/1imXNeOZ9d",0.5719,0.236,0.764,0.0,50
50,BBC,Sun Mar 25 08:43:26 +0000 2018,"RT @bbcweather: #Winter may not be done with us yet, as colder continental air fights back against milder maritime air across the UK this w‚Ä¶",-0.4019,0.0,0.899,0.101,51
51,BBC,Sun Mar 25 08:43:22 +0000 2018,RT @BBCSport: A simply astonishing confession from Australia captain Steve Smith and batsman Cameron Bancroft üò≥ https://t.co/YaE7fBZamq,0.0,0.0,1.0,0.0,52
52,BBC,Sun Mar 25 08:00:12 +0000 2018,A woman who drinks 30 cans a day says her addiction to energy drinks is worse than gambling.‚Ä¶ https://t.co/d11ATW0F0f,-0.25,0.104,0.743,0.153,53
53,BBC,Sun Mar 25 07:34:02 +0000 2018,You learn something new every day. Here's how to poo a baby jaguar. ü§∑üí©#BigCatsAboutTheHouse https://t.co/Eg5rF1414b,0.0,0.0,1.0,0.0,54
54,BBC,Sun Mar 25 07:02:00 +0000 2018,When the clocks have gone forward but there's no way you're getting out of bed yet. üôÖ‚Äç‚ôÇÔ∏è‚è∞#DaylightSavings https://t.co/cHBPV3ITsQ,-0.4215,0.0,0.859,0.141,55
55,BBC,Sat Mar 24 20:34:01 +0000 2018,"""I still see people screaming for help.""

This Sunday at 9pm on @BBCTwo, @REGYATES meets the people whose lives wer‚Ä¶ https://t.co/RS16yXF17H",-0.3818,0.0,0.885,0.115,56
56,BBC,Sat Mar 24 20:00:11 +0000 2018,"The story of the last decade of Picasso's life, through the words of family and friends. üé®

Picasso's Last Stand |‚Ä¶ https://t.co/RyiuI8KgSk",0.4767,0.134,0.866,0.0,57
57,BBC,Sat Mar 24 19:16:04 +0000 2018,"""Beauty is your inside, it's your personality and what shines from beneath."" 

25-year-old rapper Paigey Cakey had‚Ä¶ https://t.co/CVGr69Y0oO",0.5859,0.183,0.817,0.0,58
58,BBC,Sat Mar 24 18:44:04 +0000 2018,Cambridge have won the men's and women's Boat Races. https://t.co/COTzXYuo4N üèÜ üö£ #BoatRace2018 https://t.co/6SQjF1ToSt,0.5719,0.252,0.748,0.0,59
59,BBC,Sat Mar 24 18:02:01 +0000 2018,"üì∫üòÇ @RomeshRanga is NOT a fan of Gogglebox. #LiveAtTheApollo
https://t.co/FHm9g6Emss",0.3182,0.223,0.777,0.0,60
60,BBC,Sat Mar 24 17:01:01 +0000 2018,"When proposals go wrong... üò≥üíç #Doodlebugs 
https://t.co/8Yi6giWO3S",0.0,0.0,1.0,0.0,61
61,BBC,Sat Mar 24 15:30:10 +0000 2018,"Writer Sara Maitland has lived alone in rural Scotland for 20 years. 

Here are seven valuable life lessons we can‚Ä¶ https://t.co/2eAqUlnwuA",0.2732,0.129,0.788,0.083,62
62,BBC,Sat Mar 24 15:00:06 +0000 2018,ü§≥How an Instagram video lost me my dream job in fashion: https://t.co/72yWgHdc1k https://t.co/fl3DxMcIL5,-0.0772,0.131,0.719,0.15,63
63,BBC,Sat Mar 24 14:01:47 +0000 2018,üö£ @clarebalding is live from the River Thames as @UniofOxford and @Cambridge_Uni  meet for one of the most iconic e‚Ä¶ https://t.co/Ls9rtIYov4,0.0,0.0,1.0,0.0,64
64,BBC,Sat Mar 24 14:01:32 +0000 2018,RT @bbcthree: The barber helping men with dementia relive their younger lives. https://t.co/p8axQVK836,0.296,0.155,0.845,0.0,65
65,BBC,Sat Mar 24 13:03:01 +0000 2018,"Which animals are likely to become extinct in your lifetime? ü¶èüíî
https://t.co/9KwlmcNrWV",0.0,0.0,1.0,0.0,66
66,BBC,Sat Mar 24 12:33:04 +0000 2018,"Don't miss the highlights from the Gymnastics World Cup! ü§∏ü§∏‚Äç‚ôÄÔ∏èüá¨üáß

World Cup Gymnastics | @BBCOne | 2:05pm |‚Ä¶ https://t.co/7mpufyeEMo",0.1867,0.098,0.902,0.0,67
67,BBC,Sat Mar 24 11:29:04 +0000 2018,"How much do you know about horses? Take this quiz to see if you are an equestrian expert‚Ä¶üê¥

https://t.co/ChGCB9Xi1W https://t.co/P9UgJ99nsx",0.0,0.0,1.0,0.0,68
68,BBC,Sat Mar 24 10:31:01 +0000 2018,"Meet Hester, the 10-year-old visually impaired skier who's hoping for Paralympic gold one day. ‚õ∑ü•áhttps://t.co/6aiUaTc3yS",0.4215,0.167,0.833,0.0,69
69,BBC,Sat Mar 24 10:03:01 +0000 2018,"""The enthusiastic viewer should feel he is almost the man on the spot!"" 

In 1949, the BBC announced it would telev‚Ä¶ https://t.co/WEoPpkrW1V",0.5411,0.143,0.857,0.0,70
70,BBC,Sat Mar 24 09:42:34 +0000 2018,RT @BBCNewsNI: Prince Harry and Meghan Markle are visiting Northern Ireland https://t.co/ODxLd1LIr8 https://t.co/s0zPTXj3Tk,0.0,0.0,1.0,0.0,71
71,BBC,Sat Mar 24 09:32:59 +0000 2018,"RT @bbcf1: Lewis Hamilton took the first pole of the season in spectacular style ‚ö°Ô∏è

https://t.co/a7YDOx0FlQ",0.0,0.0,1.0,0.0,72
72,BBC,Sat Mar 24 09:31:30 +0000 2018,"RT @sportrelief: A humongous THANK YOU to everyone who has taken part, fund-raised &amp; watched over the past weeks &amp; tonight. The #SportRelie‚Ä¶",0.4995,0.133,0.867,0.0,73
73,BBC,Sat Mar 24 09:31:26 +0000 2018,RT @sportrelief: The nation has joined together for this year's #SportRelief pulling out all the stops to make their steps count. Well done‚Ä¶,0.128,0.085,0.85,0.065,74
74,BBC,Sat Mar 24 09:30:13 +0000 2018,ü•ëA Cultural history of the avocado: https://t.co/jo1UyWlVw7 https://t.co/7VF6pBpG57,0.0,0.0,1.0,0.0,75
75,BBC,Sat Mar 24 08:33:02 +0000 2018,"Meet Alexandre, one of the only male performers of ‚Äòbaladi‚Äô ‚Äì also known as belly dancing ‚Äì in the Middle East. üé∂

 https://t.co/K12N1Y6PU7",0.0,0.0,1.0,0.0,76
76,BBC,Fri Mar 23 19:07:00 +0000 2018,"RT @BBCOne: .@GaryLineker, @OreOduba, @ThisisDavina &amp; more kick off the biggest ever night of #SportRelief now on @bbcone. @sportrelief 
Fo‚Ä¶",0.0,0.0,1.0,0.0,77
77,BBC,Fri Mar 23 18:03:04 +0000 2018,From @taylorswift13 to @Beyonce: these are the secretive musicians who avoid interviews. üé§ü§ê https://t.co/nqOmaVMzoo https://t.co/sbDga7L5cp,-0.296,0.0,0.864,0.136,78
78,BBC,Fri Mar 23 17:33:03 +0000 2018,"Tonight, @GaryLineker, @ThisisDavina and @OreOduba kick off the biggest ever night of @sportrelief! Ô∏è‚öΩÔ∏è‚ú®üö¥üéâ‚Ä¶ https://t.co/tgbpC76heP",0.0,0.0,1.0,0.0,79
79,BBC,Fri Mar 23 17:02:01 +0000 2018,"Your week, as told by @louistheroux. üìÜüòÇ
https://t.co/Ae6bDBpIBW",0.0,0.0,1.0,0.0,80
80,BBC,Fri Mar 23 16:27:45 +0000 2018,"RT @BBCWales: A #DanceForParkinsons session with @ndcwales for @GetCreativeUK in #Cardiff this week 

Find out what‚Äôs happening on the fina‚Ä¶",0.0,0.0,1.0,0.0,81
81,BBC,Fri Mar 23 16:00:12 +0000 2018,"Meet Australian maths teacher Eddie Woo, who has won fans worldwide with his high-energy lessons, posted on YouTube‚Ä¶ https://t.co/vTfNDZzA3b",0.7783,0.286,0.714,0.0,82
82,BBC,Fri Mar 23 14:33:40 +0000 2018,"RT @BBCOne: No @andy_murray, this is not a dream. @GeriHalliwell really IS in your bedroom making you sing Spice Girls songs üé§

@sportrelie‚Ä¶",-0.4479,0.0,0.828,0.172,83
83,BBC,Fri Mar 23 14:03:08 +0000 2018,These beautiful photographs reveal how refugees in Tyneside have turned to the healing powers of gardening. üåøüì∏‚Ä¶ https://t.co/2gq0t9FnIR,0.5994,0.187,0.813,0.0,84
84,BBC,Fri Mar 23 14:00:02 +0000 2018,"How would you react if you woke up and found Michael McIntyre and Peppa Pig in your bedroom? 

Poor @AndyMurray‚Ä¶

S‚Ä¶ https://t.co/7ZP0hUYeKr",-0.4767,0.0,0.871,0.129,85
85,BBC,Fri Mar 23 13:33:04 +0000 2018,Spring is here! üå±üå∏ü•¶ Make the most of seasonal ingredients with these delicious soup recipes. https://t.co/fXp7eJXoJc https://t.co/hA1b2bdSrd,0.6114,0.2,0.8,0.0,86
86,BBC,Fri Mar 23 13:03:02 +0000 2018,"Want to get creative this weekend? Here's how to make a hooky rug. 
#MakeCraftBritain 
https://t.co/uqibyP09s7",0.4939,0.259,0.741,0.0,87
87,BBC,Fri Mar 23 11:42:55 +0000 2018,RT @BBCSport: He was one of English football's first black players and the British Army's first ever black officer to command white troops.‚Ä¶,0.0,0.0,1.0,0.0,88
88,BBC,Fri Mar 23 11:42:51 +0000 2018,RT @BBCRadio2: üëª ‚ÄúI thought the script was really frightening and original.‚Äù Martin Freeman chats to @achrisevans about his creepy new film‚Ä¶,-0.2006,0.107,0.754,0.139,89
89,BBC,Fri Mar 23 11:42:48 +0000 2018,RT @BBCTwo: Our entire weekend plans. üò¥üëá #BigCatsAboutTheHouse https://t.co/vl0zUcCdmI,0.0,0.0,1.0,0.0,90
90,BBC,Fri Mar 23 11:42:43 +0000 2018,"RT @sportrelief: It looks like #TeamGryffindor are storming ahead in the #HogwartsLeague in the #SportRelief app. 

#TeamHufflepuff, #TeamS‚Ä¶",0.3612,0.128,0.872,0.0,91
91,BBC,Fri Mar 23 11:30:05 +0000 2018,‚òïÔ∏èüç∞Some blueberry muffins sold by cafes and supermarkets contain more than the recommended daily intake of sugar fo‚Ä¶ https://t.co/9bh6K8aMH2,0.2648,0.103,0.897,0.0,92
92,BBC,Fri Mar 23 10:33:01 +0000 2018,"Friday night is CELEBRITY FIGHT NIGHT! ü•äü•ä

Who'll be victorious? Tune in to #SportRelief to find out!

https://t.co/9ZhgNGmxOD",-0.6016,0.0,0.813,0.187,93
93,BBC,Fri Mar 23 10:03:03 +0000 2018,"Scrolling through headlines, the world can feel like a pretty dark place. So here are nine reasons to be happy. üòä üéâ‚Ä¶ https://t.co/KrNoB0qaqC",0.8555,0.343,0.657,0.0,94
94,BBC,Fri Mar 23 09:30:03 +0000 2018,"Would you want secret helpers like these to help you out in nerve-wracking situations? #TheSecretHelpers 
https://t.co/ua2X4vxKR3",0.765,0.417,0.583,0.0,95
95,BBC,Fri Mar 23 08:33:01 +0000 2018,"Meet the first polar bear cub to be born in the UK in 25 years. üòç
https://t.co/njq1r6eONE",0.0,0.0,1.0,0.0,96
96,BBC,Thu Mar 22 21:39:27 +0000 2018,"RT @BBCOne: All hail queen Kat! üôåüëë 

#EastEnders @BBCEastenders https://t.co/PLmAc53L6t",0.1511,0.15,0.85,0.0,97
97,BBC,Thu Mar 22 21:30:01 +0000 2018,"Istanbul's Blue Mosque looks spectacular. @wmarybeard looks at the art, meaning and significance of calligraphy the‚Ä¶ https://t.co/Mv3voUkcvc",0.2732,0.116,0.884,0.0,98
98,BBC,Thu Mar 22 21:20:05 +0000 2018,üñã The artist reimagining Islamic calligraphy for the 21st Century: https://t.co/wgbVwZLDEa #Civilisations https://t.co/nxW6Sokjdn,0.0,0.0,1.0,0.0,99
99,BBC,Thu Mar 22 20:30:01 +0000 2018,"In 1918, the very first signs of the Spanish Flu pandemic were kept under wraps. So how did the deadly illness get‚Ä¶ https://t.co/zuZryXLihL",-0.6486,0.0,0.798,0.202,100
100,CBS,Tue Mar 27 21:00:01 +0000 2018,Count on Entertainer Of The Year nominee @LukeBryanOnline to crash the party with an epic performance at the 53rd‚Ä¶ https://t.co/27ua60HTqu,0.3818,0.212,0.68,0.108,1
101,CBS,Tue Mar 27 17:00:00 +0000 2018,Join @eltonofficial and some of today's hottest names in music when they take the stage to perform his most memorab‚Ä¶ https://t.co/jz0jaShZIj,0.296,0.099,0.901,0.0,2
102,CBS,Mon Mar 26 22:14:25 +0000 2018,"RT @ACMawards: The ACM for New Vocal Group of the Year goes to @MidlandOfficial! And yes, that really was @Reba on the phone! #ACMawards ht‚Ä¶",0.508,0.12,0.88,0.0,3
103,CBS,Mon Mar 26 20:42:48 +0000 2018,"RT @ACMawards: In case you didn‚Äôt know, the ACM for New Male Vocalist of the Year goes to @BrettYoungMusic. Check out his reaction when @Re‚Ä¶",0.0,0.0,1.0,0.0,4
104,CBS,Mon Mar 26 16:59:19 +0000 2018,RT @ACMawards: Over the weekend @Reba called the ACM New Artist of the Year winners to let them know they had won! Let‚Äôs just say our New F‚Ä¶,0.7959,0.214,0.786,0.0,5
105,CBS,Mon Mar 26 16:05:18 +0000 2018,"Congratulations to the 53rd #ACMawards New Artist winners @Lauren_Alaina, @MidlandOfficial, and @BrettYoungMusic! W‚Ä¶ https://t.co/Fr8H4arwGj",0.807,0.378,0.622,0.0,6
106,CBS,Sun Mar 25 23:57:34 +0000 2018,New start times in East/Central Time Zones #60Minutes 7:35ET/6:35CT #Instinct  8:35ET/7:35CT #NCISLA 9:35ET/8:35CT‚Ä¶ https://t.co/8W5hAeLrvs,0.0,0.0,1.0,0.0,7
107,CBS,Sun Mar 25 17:15:25 +0000 2018,Don‚Äôt miss a minute of the action. Stream the¬†Elite Eight¬Æ¬†games LIVE today starting at 2PM ET with a FREE trial of‚Ä¶ https://t.co/8NwU8HdiHR,0.5319,0.157,0.78,0.062,8
108,CBS,Sat Mar 24 22:46:53 +0000 2018,RT @MomCBS: That's a wrap on the #Mom panel at #PaleyFest! Thanks for following along! https://t.co/we4JgqPt6P,0.5399,0.199,0.801,0.0,9
109,CBS,Sat Mar 24 22:46:43 +0000 2018,RT @MomCBS: A fan just commented that #Mom helped bring him out of a deep depression. üíúüíúüíú #PaleyFest,-0.34,0.115,0.7,0.185,10
110,CBS,Sat Mar 24 22:25:03 +0000 2018,"RT @MomCBS: ""Go out for it anyway. If you're good for the role, you're good for the role."" @theJaimePressly's advice for aspiring actors wi‚Ä¶",0.7003,0.209,0.791,0.0,11
111,CBS,Sat Mar 24 22:21:37 +0000 2018,RT @MomCBS: Mom Co-Creator @GemmaRBaker just pointed out her own #Mom in the audience at #PaleyFest! üíú,0.0,0.0,1.0,0.0,12
112,CBS,Sat Mar 24 22:21:34 +0000 2018,"RT @MomCBS: ""I'm not someone in recovery who goes to AA, but I have taken so much away from it...to take one day at a time."" - @theJaimePre‚Ä¶",0.0,0.0,1.0,0.0,13
113,CBS,Sat Mar 24 22:21:26 +0000 2018,"RT @MomCBS: ""You get to appreciate working with such talented people."" - @AnnaKFaris #Mom #PaleyFest",0.7184,0.333,0.667,0.0,14
114,CBS,Sat Mar 24 22:21:23 +0000 2018,RT @MomCBS: ‚ÄúI love this job. I love working with these women. I love working in front of the live audience‚Ä¶ It‚Äôs alive and it‚Äôs fun.‚Äù - @A‚Ä¶,0.9451,0.42,0.58,0.0,15
115,CBS,Sat Mar 24 20:00:02 +0000 2018,"Get on your feet for @Jason_Aldean, @ThomasRhett, @ChrisStapleton, @KeithUrban, and @ChrisYoungMusic, the five nomi‚Ä¶ https://t.co/oT5ogjdj4x",0.0,0.0,1.0,0.0,16
116,CBS,Fri Mar 23 22:33:52 +0000 2018,Get ready for some sweet games! Stream #5 Clemson vs #1 Kansas LIVE at 7PM ET and #11 Syracuse vs #2 Duke LIVE at 9‚Ä¶ https://t.co/4WstgrKNnW,0.6996,0.194,0.806,0.0,17
117,CBS,Fri Mar 23 22:33:04 +0000 2018,RT @SEALTeamCBS: In honor of #NationalPuppyDay... üòç #SEALTeam https://t.co/4mIZPpiRlU,0.4939,0.314,0.686,0.0,18
118,CBS,Fri Mar 23 22:32:48 +0000 2018,"RT @HawaiiFive0CBS: Nothing like a man and his dog! üòçüê∂ Happy #NationalPuppyDay to Eddie, the best pup on the Five-0 Task Force! #H50 https:‚Ä¶",0.8997,0.355,0.645,0.0,19
119,CBS,Thu Mar 22 22:10:29 +0000 2018,Game on! 16 teams left and the race to the finish continues tonight. Stream #11 Loyola-Chicago vs #7 Nevada LIVE at‚Ä¶ https://t.co/W374rmzzoC,0.0,0.0,1.0,0.0,20
120,CBS,Thu Mar 22 20:52:02 +0000 2018,Save the date! These are season finales you do NOT want to miss. RT if you're excited! https://t.co/UUQoWsPPSh https://t.co/cDl4WmxMtU,0.7081,0.311,0.623,0.066,21
121,CBS,Thu Mar 22 00:23:38 +0000 2018,Congratulations to all of the @CBSDaytime nominees for the #DaytimeEmmys! See the full list of #DaytimeEmmy nominee‚Ä¶ https://t.co/ivJVJWvfsf,0.636,0.198,0.802,0.0,22
122,CBS,Wed Mar 21 18:00:01 +0000 2018,Female Vocalist Of The Year nominee @MarenMorris will show her fans how it‚Äôs done when she takes the stage to showc‚Ä¶ https://t.co/PITjmAoFT8,0.0,0.0,1.0,0.0,23
123,CBS,Tue Mar 20 20:00:01 +0000 2018,The legendary @Reba returns to host the 53rd #ACMawards and she‚Äôs proving just how comfortable she is behind the mi‚Ä¶ https://t.co/XPXcSPRXqC,0.5106,0.142,0.858,0.0,24
124,CBS,Tue Mar 20 17:58:43 +0000 2018,RT @nancyodell: Told my daughter I'd be presenting at @ACMawards again this year. (Woot woot!We both luv country music!)She took this pic o‚Ä¶,0.0,0.0,1.0,0.0,25
125,CBS,Tue Mar 20 16:52:42 +0000 2018,RT @ladyantebellum: Ecstatic to announce we'll be performing at the #ACMawards in Las Vegas again this year! https://t.co/Qfhs94j6FR,0.5562,0.174,0.826,0.0,26
126,CBS,Tue Mar 20 16:11:00 +0000 2018,"Country superstars @kennychesney, @ladyantebellum, @blakeshelton, and @KeithUrban have just been added to the stell‚Ä¶ https://t.co/bJ4If7MacP",0.0,0.0,1.0,0.0,27
127,CBS,Mon Mar 19 21:02:26 +0000 2018,"RT @YandR_CBS: Forever evolving, Forever inspiring, Forever Young and Restless. ‚ù§Ô∏è Get ready to celebrate 45 years of #YR starting in just‚Ä¶",0.7845,0.309,0.619,0.072,28
128,CBS,Sun Mar 18 23:44:30 +0000 2018,New start times in East/Central Time Zones: #60Minutes 7:37ET/6:37CT #Instinct series premiere 8:37ET/7:37CT‚Ä¶ https://t.co/xT3YKqmu2M,0.0,0.0,1.0,0.0,29
129,CBS,Sun Mar 18 18:05:43 +0000 2018,Spend your Sunday streaming Second Round games LIVE with a FREE trial of CBS All Access! https://t.co/3P85rXLy4b https://t.co/zbWfirD9Ju,0.6514,0.213,0.787,0.0,30
130,CBS,Sun Mar 18 17:09:53 +0000 2018,"RT @instinctcbs: TONIGHT, Dr. Dylan Reinhart rewrites the book on abnormal behavior. Don't miss the premiere of #Instinct at 8/7c! https://‚Ä¶",0.1867,0.08,0.92,0.0,31
131,CBS,Sat Mar 17 19:00:02 +0000 2018,"If any duo knows how to rock the stage, it's @FLAGALine. The Vocal Duo Of The Year nominee will perform live at the‚Ä¶ https://t.co/FknabB8NQp",0.0,0.0,1.0,0.0,32
132,CBS,Sat Mar 17 17:42:43 +0000 2018,How is your bracket looking after last night? Stream Second Round games LIVE today with a FREE trial of CBS All Acc‚Ä¶ https://t.co/25JlIpgwog,0.6166,0.161,0.839,0.0,33
133,CBS,Sat Mar 17 14:00:03 +0000 2018,Where better to spend #StPatricksDay than the place everybody knows your name? It‚Äôs just your luck that every singl‚Ä¶ https://t.co/Fom5wmdENL,0.7096,0.247,0.753,0.0,34
134,CBS,Fri Mar 16 22:53:21 +0000 2018,Stars @JakeMcDorman and Nik Dodani will join the cast in the upcoming revival of Murphy Brown coming to CBS.‚Ä¶ https://t.co/JCAx29lo0i,0.296,0.104,0.896,0.0,35
135,CBS,Fri Mar 16 18:15:53 +0000 2018,"RT @thegoodfight: Go behind the scenes with costume designer @DanLawsonStyle in ""Behind The Style,"" a new weekly video series all about the‚Ä¶",0.0,0.0,1.0,0.0,36
136,CBS,Fri Mar 16 16:28:40 +0000 2018,The games have just begun! Continue to stream First Round games LIVE today with a FREE trial of CBS All Access:‚Ä¶ https://t.co/YTGsJ48zYP,0.6514,0.178,0.822,0.0,37
137,CBS,Thu Mar 15 17:54:06 +0000 2018,"RT @TheTalkCBS: You asked, we answered! The fun never ends when the ladies #KeepTalking and answer your fan questions üó£üí¨‚û°Ô∏è https://t.co/ie1‚Ä¶",0.7088,0.237,0.763,0.0,38
138,CBS,Thu Mar 15 17:20:26 +0000 2018,RT @instinctcbs: Dr. Dylan Reinhart is lured back into the field from his life of quiet academia when a certain serial killer makes things‚Ä¶,-0.4939,0.077,0.766,0.157,39
139,CBS,Thu Mar 15 16:42:41 +0000 2018,Stream First Round games LIVE today starting at 12PM ET with a FREE trial of CBS All Access! https://t.co/3P85rXLy4b https://t.co/vZow3YD8cb,0.6514,0.194,0.806,0.0,40
140,CBS,Thu Mar 15 14:32:16 +0000 2018,RT @CBSSports: It's the most wonderful time of the year. #MarchMadness https://t.co/e4c9qohqSR,0.6115,0.266,0.734,0.0,41
141,CBS,Wed Mar 14 19:30:01 +0000 2018,"Give these ladies some love! @Lauren_Alaina, @DBradbery, @carlypearce, and @RaeLynn are nominated for New Female Vo‚Ä¶ https://t.co/IVhwURfJ3S",0.6696,0.219,0.781,0.0,42
142,CBS,Tue Mar 13 18:48:52 +0000 2018,"RT @ManWithAPlan: Hungry for more #ManWithAPlan bloopers and behind-the-scenes videos featuring cast like @matt_leblanc, @thelizasnyder, @k‚Ä¶",0.3612,0.143,0.857,0.0,43
143,CBS,Tue Mar 13 14:15:10 +0000 2018,"Music stars @MileyCyrus, @edsheeran, @ladygaga, and more will honor the legendary @eltonofficial and his hit songs‚Ä¶ https://t.co/UzxARCCLnI",0.539,0.179,0.821,0.0,44
144,CBS,Mon Mar 12 18:13:28 +0000 2018,RT @thegoodfight: The verdict is in. The new season of #TheGoodFight is üî•üî•üî•! Stream it now on CBS All Access: https://t.co/FkYSNSXlRb https‚Ä¶,0.2244,0.083,0.917,0.0,45
145,CBS,Mon Mar 12 01:20:43 +0000 2018,"RT @MadamSecretary: In less than an hour, #MadamSecretary's Keith Carradine will be taking over the @MadamSecretary Twitter page! Tweet alo‚Ä¶",0.0,0.0,1.0,0.0,46
146,CBS,Fri Mar 09 22:48:26 +0000 2018,RT @DierksBentley: Take and post a photo of the woman in your life who inspires you daily! Use the hashtag #WomanAmenACM in your post for a‚Ä¶,0.4926,0.117,0.883,0.0,47
147,CBS,Fri Mar 09 22:24:20 +0000 2018,"RT @MomCBS: If you missed guest star @KChenoweth in the latest episode of #Mom, not to worry! Watch now: https://t.co/RlvXoGOZ0l https://t.‚Ä¶",0.1275,0.113,0.795,0.092,48
148,CBS,Fri Mar 09 21:10:21 +0000 2018,"Give a round of applause to @KelseaBallerini, @MirandaLambert, @Reba, @MarenMorris, and @CarrieUnderwood, the five‚Ä¶ https://t.co/Ncp1BTXx6N",0.4215,0.177,0.823,0.0,49
149,CBS,Fri Mar 09 18:27:28 +0000 2018,"RT @thegoodfight: Smart, sexy, and sophisticated. See what's coming this season on #TheGoodFight. https://t.co/CuKhx2G50P https://t.co/ygTI‚Ä¶",0.8658,0.447,0.553,0.0,50
150,CBS,Fri Mar 09 16:02:27 +0000 2018,RT @BlueBloods_CBS: Even stand-up guys fall down sometimes. #BlueBloods is new tonight at 10/9c! https://t.co/UOlDm22wWW,0.0,0.0,1.0,0.0,51
151,CBS,Thu Mar 08 18:00:49 +0000 2018,Today and every day we celebrate the women in our lives who empower and inspire us. Share a story about an¬†influent‚Ä¶ https://t.co/9rVtqrElvT,0.8625,0.336,0.664,0.0,52
152,CBS,Thu Mar 08 17:03:04 +0000 2018,Take and post a photo of the woman in your life who inspires you daily! Use the hashtag #WomanAmenACM in your post‚Ä¶ https://t.co/7ShhvE48zy,0.4926,0.132,0.868,0.0,53
153,CBS,Wed Mar 07 18:39:10 +0000 2018,"RT @thegoodfight: Meticulously constructed. Soapy &amp; sexy. Intoxicating, savage television. üî• Here's what critics are saying about #TheGoodF‚Ä¶",-0.2023,0.15,0.619,0.23,54
154,CBS,Wed Mar 07 17:06:02 +0000 2018,"This just in! @Jason_Aldean, @mirandalambert, @LukeBryanOnline, and many more are set to perform at the 53rd Academ‚Ä¶ https://t.co/mfxw2VxzU4",0.0,0.0,1.0,0.0,55
155,CBS,Tue Mar 06 18:10:59 +0000 2018,"Meet the ensemble of talented actors slated to join $1, a new mystery series coming to CBS All Access:‚Ä¶ https://t.co/QoyYv7vxwg",0.6705,0.244,0.756,0.0,56
156,CBS,Mon Mar 05 22:16:43 +0000 2018,"Will @Jason_Aldean, @garthbrooks, @LukeBryanOnline, @ChrisStapleton, or @KeithUrban be named Entertainer Of The Yea‚Ä¶ https://t.co/rMD8zjeX3s",0.3818,0.167,0.833,0.0,57
157,CBS,Sun Mar 04 08:05:26 +0000 2018,"RT @thegoodfight: It feels good to be back. üë†üíÑüî• The season 2 premiere of #TheGoodFight is now streaming, exclusively on CBS All Access: htt‚Ä¶",0.4404,0.116,0.884,0.0,58
158,CBS,Sat Mar 03 20:55:20 +0000 2018,"RT @thegoodfight: Tomorrow, #TheGoodFight is back. Stream the season 2 premiere only on CBS All Access: https://t.co/tNFR8LBJO2 https://t.c‚Ä¶",0.0,0.0,1.0,0.0,59
159,CBS,Fri Mar 02 22:30:01 +0000 2018,"Who are the trailblazing women in your life that inspire you? Join CBS and the ANA's #SeeHer initiative, celebratin‚Ä¶ https://t.co/M0KqZ41Bes",0.7096,0.247,0.753,0.0,60
160,CBS,Fri Mar 02 20:30:01 +0000 2018,"Join @maria_bello, @aishatyler and @TeaLeoni in celebrating the accomplishments of women who have contributed to th‚Ä¶ https://t.co/MefESBeFL3",0.7096,0.282,0.718,0.0,61
161,CBS,Fri Mar 02 18:45:00 +0000 2018,"In honor of Women's History Month, CBS and the Association of National Advertisers' (ANA) #SeeHer initiative will p‚Ä¶ https://t.co/2wtYxKJVuO",0.4939,0.151,0.849,0.0,62
162,CBS,Thu Mar 01 18:59:01 +0000 2018,RT @ZoeListerJones: Tonight‚Äôs an all new Life In Pieces and it‚Äôs directed by my ride or die @nataliaanderson!!!‚Ä¶ https://t.co/2LPfmyLWrY,-0.6981,0.0,0.79,0.21,63
163,CBS,Thu Mar 01 18:12:57 +0000 2018,"RT @MarenMorris: Hot damn! Woke up from my post-wisdom teeth haze to find out I‚Äôm up for 4 @ACMawards ! So honored, especially for the Dear‚Ä¶",0.4547,0.159,0.749,0.092,64
164,CBS,Thu Mar 01 18:11:50 +0000 2018,RT @KelseaBallerini: Ohhhhh goodness. Incredible. Thank you thank you thank you. #female https://t.co/1ZTYjNfQeF,0.8591,0.538,0.462,0.0,65
165,CBS,Thu Mar 01 18:10:50 +0000 2018,RT @KeithUrban: ACMs...... HOLY SMOKES!!!!! MAD LOVE TO U ALL THIS MORNING  FOR THESE INCREDIBLE NOMINATIONS. I‚ÄôM EXTREMELY GRATEFUL!!!!!!!‚Ä¶,0.4885,0.234,0.615,0.151,66
166,CBS,Thu Mar 01 14:36:21 +0000 2018,"RT @ACMawards: Congratulations to this year‚Äôs #ACMawards Video of the Year nominees:
‚ÄúBlack‚Äù - @DierksBentley
‚ÄúIt Ain‚Äôt My Fault‚Äù - @Brothe‚Ä¶",0.5994,0.178,0.822,0.0,67
167,CBS,Thu Mar 01 14:29:20 +0000 2018,"RT @ACMawards: Please give a round of applause to this year‚Äôs #ACMawards Entertainer of the Year nominees: @Jason_Aldean, @GarthBrooks, @Lu‚Ä¶",0.7717,0.325,0.675,0.0,68
168,CBS,Thu Mar 01 14:15:29 +0000 2018,".@ChrisStapleton, @ThomasRhett, @mirandalambert and more are all nominated for awards at Country Music's Party of t‚Ä¶ https://t.co/Vm1vXRUDYJ",0.6908,0.275,0.725,0.0,69
169,CBS,Thu Mar 01 13:50:11 +0000 2018,"The Queen of Country, @Reba, is returning to host the 53rd #ACMawards on Sunday, April 15 at 8/7c. Here are a few o‚Ä¶ https://t.co/Iqzz6Gql01",0.0,0.0,1.0,0.0,70
170,CBS,Thu Mar 01 01:04:52 +0000 2018,RT @survivorcbs: It‚Äôs time! #Survivor https://t.co/YPk6cGWrUA,0.0,0.0,1.0,0.0,71
171,CBS,Wed Feb 28 19:56:58 +0000 2018,"RT @CBSThisMorning: TOMORROW: The nominees for the 2018 @ACMawards will be announced live by the one-and-only, @Reba! 

Watch on @CBS in ou‚Ä¶",0.0,0.0,1.0,0.0,72
172,CBS,Wed Feb 28 19:08:30 +0000 2018,"RT @thegoodfight: From the set design and costumes to hair and makeup, the production quality is truly next-level. Take a peek inside the u‚Ä¶",0.4404,0.116,0.884,0.0,73
173,CBS,Tue Feb 27 03:23:47 +0000 2018,RT @LivinBiblically: The fun continues on Facebook! The #LivingBiblically cast is live to talk about tonight‚Äôs premiere. Tune in here: http‚Ä¶,0.5562,0.152,0.848,0.0,74
174,CBS,Mon Feb 26 22:50:32 +0000 2018,"RT @KevinCanWaitCBS: Can you get all the way through these #KevinCanWait bloopers without laughing?! @KevinJames,@LeahRemini and the rest o‚Ä¶",0.0,0.0,1.0,0.0,75
175,CBS,Mon Feb 26 21:08:30 +0000 2018,"RT @ACMawards: That‚Äôs right! @Reba is headed to @CBSThisMorning on Thursday, March 1 to announce this year‚Äôs #ACMAwards' nominees. Tune in‚Ä¶",0.0,0.0,1.0,0.0,76
176,CBS,Mon Feb 26 19:53:41 +0000 2018,"RT @ScorpionCBS: You can't hack your way to a 197 IQ, but you are well on your way with these Genius Facts from #TeamScorpion! üíª You can be‚Ä¶",0.4482,0.105,0.895,0.0,77
177,CBS,Mon Feb 26 18:32:36 +0000 2018,RT @SuperiorDonuts: You can always count on @DavidKoechner for a laugh! Did your favorite Tush moment make the list? Catch a new #SuperiorD‚Ä¶,0.784,0.266,0.734,0.0,78
178,CBS,Mon Feb 26 18:20:16 +0000 2018,RT @TheTalkCBS: TODAY: We loved them together then &amp; we love seeing them together now! Welcome back to the show @THESaraGilbert‚Äã's good fri‚Ä¶,0.9359,0.429,0.571,0.0,79
179,CBS,Mon Feb 26 16:53:56 +0000 2018,"RT @thegoodfight: As foundations begin to crumble, our characters struggle to make sense of this new dystopian world. The cast teases what'‚Ä¶",-0.5423,0.0,0.816,0.184,80
180,CBS,Mon Feb 26 16:52:01 +0000 2018,"#LivingBiblically's @linzkraft and @jrfergjr appeared on @KCBS's Facebook Live this morning, talking all about what‚Ä¶ https://t.co/4RebcHuuMQ",0.0,0.0,1.0,0.0,81
181,CBS,Mon Feb 26 16:17:55 +0000 2018,"RT @CBSSports: Introducing CBS Sports HQ, a New 24/7 Direct-to-Consumer Streaming Network for Sports News, Highlights, &amp; Analysis.

Stream‚Ä¶",0.0,0.0,1.0,0.0,82
182,CBS,Mon Feb 26 01:12:32 +0000 2018,"RT @CBSBigBrother: It‚Äôs down to the final 5 celebrity Houseguests, and anyone could take home the grand prize! Tune in NOW to watch the #BB‚Ä¶",0.7644,0.231,0.769,0.0,83
183,CBS,Sun Feb 25 21:51:32 +0000 2018,RT @startrekcbs: Binge the entire first season of #StarTrekDiscovery. All episodes now streaming exclusively on CBS All Access: https://t.c‚Ä¶,0.0,0.0,1.0,0.0,84
184,CBS,Sun Feb 25 21:51:22 +0000 2018,"RT @thegoodfight: #TheGoodFight returns in 1 week. Season 2 premieres Sunday, March 4. https://t.co/nomCao1GWp https://t.co/BOn6bOe9Tb",0.0,0.0,1.0,0.0,85
185,CBS,Fri Feb 23 18:15:40 +0000 2018,RT @thegoodfight: This is our new favorite thing. Christine Baranski debuted #TheGoodFight the Musical on @colbertlateshow last night! üéµüé§‚Ä¶,0.5093,0.155,0.845,0.0,86
186,CBS,Thu Feb 22 19:26:52 +0000 2018,"RT @LivinBiblically: Confession time: have YOU ever hit the ""close door"" button in an elevator while somebody was approaching? The cast of‚Ä¶",0.0,0.0,1.0,0.0,87
187,CBS,Wed Feb 21 19:20:04 +0000 2018,RT @CBSEyeSpeak: Mark your calendars! #CBSEyeSpeak kicks off March 14 with The EYE Speak Summit. Follow our page for more details! https://‚Ä¶,0.0,0.0,1.0,0.0,88
188,CBS,Wed Feb 21 18:19:25 +0000 2018,"RT @CBSEyeSpeak: Proud to announce a new CBS initiative, promoting female empowerment and developing the next generation of leaders through‚Ä¶",0.6808,0.248,0.752,0.0,89
189,CBS,Tue Feb 20 19:55:19 +0000 2018,"RT @LivinBiblically: When you're living by the Bible, it's good to have a priest and a rabbi on call (provided they answer their phones, th‚Ä¶",0.4404,0.116,0.884,0.0,90
190,CBS,Tue Feb 20 17:58:18 +0000 2018,"RT @thegoodfight: Chicago lawyers are being hunted and the world is going insane. 

The new season of #TheGoodFight premieres Sunday, March‚Ä¶",-0.4019,0.0,0.881,0.119,91
191,CBS,Tue Feb 20 17:39:51 +0000 2018,Ready for some larger than life competition? This new series from @MarkBurnettTV will premiere in summer 2018.‚Ä¶ https://t.co/gDXHLdIJ5v,0.3612,0.128,0.872,0.0,92
192,CBS,Sat Feb 17 01:07:20 +0000 2018,"With tournament dreams on the line, make sure to stream these college basketball matchups on CBS All Access:‚Ä¶ https://t.co/SGkYUZrQWB",0.6124,0.227,0.773,0.0,93
193,CBS,Fri Feb 16 18:42:43 +0000 2018,"RT @LivinBiblically: While Chip's sticking to the Bible's original rules, the cast of #LivingBiblically has given them a more modern makeov‚Ä¶",0.3182,0.108,0.892,0.0,94
194,CBS,Fri Feb 16 17:48:20 +0000 2018,"Casting News! Peter Mark Kendall, Michael Gaston, Greg Wise, Rade ≈†erbed≈æija, Zack Pearlman, and Keye Chen join the‚Ä¶ https://t.co/GFob2KrD8H",0.68,0.248,0.752,0.0,95
195,CBS,Wed Feb 14 19:23:27 +0000 2018,RT @BullCBS: The verdict is in...#Bull is the perfect Valentine! ‚ù§Ô∏è Happy #ValentinesDay! https://t.co/poEejI4AnC,0.8619,0.466,0.534,0.0,96
196,CBS,Tue Feb 13 20:03:56 +0000 2018,"RT @NoActivityCBS: Car 27 reporting: Season 2 of #NoActivity coming soon!

Binge season one now on CBS All Access: https://t.co/yvxoQMeyhN‚Ä¶",0.0,0.0,1.0,0.0,97
197,CBS,Tue Feb 13 18:54:52 +0000 2018,"RT @LivinBiblically: Against all odds (and the advice of his God Squad), Chip is determined to live life by the Good Book. Think you could‚Ä¶",0.7506,0.252,0.748,0.0,98
198,CBS,Mon Feb 12 18:49:45 +0000 2018,RT @thegoodfight: Christine Baranski reflects upon the spectacular metamorphosis of her character in #TheGoodFight's first season. Revisit‚Ä¶,0.0,0.0,1.0,0.0,99
199,CBS,Mon Feb 12 01:32:33 +0000 2018,RT @startrekcbs: Binge the entire first season of #StarTrekDiscovery. All 15 episodes now streaming on CBS All Access: https://t.co/lKLaptP‚Ä¶,0.0,0.0,1.0,0.0,100
200,CNN,Wed Mar 28 03:31:06 +0000 2018,England's health agency is warning parents to be aware of the signs and symptoms of scarlet fever as infections con‚Ä¶ https://t.co/vKJ6QOKqmv,-0.34,0.0,0.893,0.107,1
201,CNN,Wed Mar 28 03:16:04 +0000 2018,Blue states are far more likely to lose money and power over Census citizenship question | Analysis by CNN's Harry‚Ä¶ https://t.co/13EWDxnd6X,-0.4522,0.0,0.865,0.135,2
202,CNN,Wed Mar 28 03:10:02 +0000 2018,"An Ohio fertility clinic says more than 4,000 eggs and embryos were affected by a freezer malfunction, double the n‚Ä¶ https://t.co/0EZ5F2Ua6p",-0.1531,0.0,0.922,0.078,3
203,CNN,Wed Mar 28 03:01:06 +0000 2018,"Wall Street bonuses soar 17% to an average of $184,200 https://t.co/qlOQGfehL8 https://t.co/1bw7FWYwwl",0.5574,0.247,0.753,0.0,4
204,CNN,Wed Mar 28 02:46:06 +0000 2018,"Waymo and Jaguar unveil a self-driving, electric SUV https://t.co/DTylJKCuML https://t.co/2aD3JXwfGM",0.0,0.0,1.0,0.0,5
205,CNN,Wed Mar 28 02:39:04 +0000 2018,11 reasons (besides the NCAA Final Four) to visit San Antonio https://t.co/1YGqpmrZKz via @CNNTravel https://t.co/Vi45YehYXR,0.0,0.0,1.0,0.0,6
206,CNN,Wed Mar 28 02:34:40 +0000 2018,Former Disney Channel star Caroline Sunshine is joining the White House press team https://t.co/rOYDj2tPs1 https://t.co/xamwbkWP7h,0.4939,0.186,0.814,0.0,7
207,CNN,Wed Mar 28 02:31:54 +0000 2018,"Walmart says it will stop selling Cosmopolitan magazine in checkout lines 

The National Center on Sexual Exploitat‚Ä¶ https://t.co/oJWSfJKGk2",-0.296,0.0,0.885,0.115,8
208,CNN,Wed Mar 28 02:31:02 +0000 2018,"Prince had a ""exceedingly high"" concentration of fentanyl in his body when he died https://t.co/xzXGWvrqky https://t.co/5CBfqJYBNs",-0.5574,0.0,0.795,0.205,9
209,CNN,Wed Mar 28 02:26:05 +0000 2018,"An Ohio fertility clinic says more than 4,000 eggs and embryos were affected by a freezer malfunction, double the n‚Ä¶ https://t.co/2kUalNEtFo",-0.1531,0.0,0.922,0.078,10
210,CNN,Wed Mar 28 02:23:04 +0000 2018,President Trump has privately floated the idea of funding construction of a border wall with Mexico through the US‚Ä¶ https://t.co/OVJnG1Arkl,0.0,0.0,1.0,0.0,11
211,CNN,Wed Mar 28 02:20:30 +0000 2018,"Sean Penn, who has done work in Haiti for years, says he felt ""deep hurt"" following the controversy over Pres. Trum‚Ä¶ https://t.co/jkTdsZtERk",-0.5267,0.0,0.861,0.139,12
212,CNN,Wed Mar 28 02:16:06 +0000 2018,"Actor Sean Penn smoked a cigarette during an interview on ""The Late Show With Stephen Colbert,"" and viewers had a s‚Ä¶ https://t.co/DYMvSOouIc",0.0,0.0,1.0,0.0,13
213,CNN,Wed Mar 28 02:15:52 +0000 2018,RT @CNNTonight: The White House defends President Trump's silence on allegations leveled against him by Stormy Daniels https://t.co/xPKWwph‚Ä¶,0.0,0.0,1.0,0.0,14
214,CNN,Wed Mar 28 02:08:05 +0000 2018,"Larry Nassar's former boss at Michigan State University used his power to sexually assault, harass, and solicit nud‚Ä¶ https://t.co/X7BiNzGTGV",-0.7906,0.0,0.708,0.292,15
215,CNN,Wed Mar 28 02:02:53 +0000 2018,"RT @AC360: As his administration doubles down on building a border wall, President Trump suggests the US military may foot the bill https:/‚Ä¶",0.0,0.0,1.0,0.0,16
216,CNN,Wed Mar 28 02:01:03 +0000 2018,"Progressives, states and civil rights advocates are preparing a flurry of legal challenges to the Trump administrat‚Ä¶ https://t.co/COBpw3wtor",0.2023,0.157,0.843,0.0,17
217,CNN,Wed Mar 28 01:53:05 +0000 2018,How Russian President Vladimir Putin's arrogance handed UK Prime Minister Theresa May a diplomatic coup‚Ä¶ https://t.co/Nub4iViDPH,-0.5267,0.0,0.805,0.195,18
218,CNN,Wed Mar 28 01:46:05 +0000 2018,Is bread crust more nutritious than its inner crumb? The variety you choose may matter more than whether you eat th‚Ä¶ https://t.co/clki6ZwPYZ,0.0258,0.05,0.95,0.0,19
219,CNN,Wed Mar 28 01:34:55 +0000 2018,"North Korean leader Kim Jong Un met with the China's Xi Jinping during a surprise trip to Beijing this week, state‚Ä¶ https://t.co/UHIZDKXeob",0.2732,0.095,0.905,0.0,20
220,CNN,Wed Mar 28 01:31:21 +0000 2018,"In Trump's world, once you check in, you rarely check out https://t.co/bHZg0WgmkX https://t.co/uWZA9cEJu8",0.0,0.0,1.0,0.0,21
221,CNN,Wed Mar 28 01:31:07 +0000 2018,The children are Democrats' future | By Jesse Ferguson via @CNNOpinion https://t.co/xBaMfKTzhZ https://t.co/3iFNq6BHav,0.0,0.0,1.0,0.0,22
222,CNN,Wed Mar 28 01:23:06 +0000 2018,FBI Director Christopher Wray said he is doubling the number of FBI personnel tasked with reviewing a large set of‚Ä¶ https://t.co/EJynfU7wlW,0.0772,0.064,0.936,0.0,23
223,CNN,Wed Mar 28 01:20:32 +0000 2018,"Attorney for brother of slain DNC staffer Seth Rich: Internet activists are spreading lies ""as far and wide"" as the‚Ä¶ https://t.co/XUbhZLGXtJ",0.2023,0.142,0.748,0.11,24
224,CNN,Wed Mar 28 01:06:05 +0000 2018,Government ethics lawyers advised Ivanka Trump to make sure to keep her White House role separate as she planned to‚Ä¶ https://t.co/eeBfMRZNs5,0.3182,0.103,0.897,0.0,25
225,CNN,Wed Mar 28 01:01:39 +0000 2018,Michael Cohen ‚Äî President Trump's loyal fixer https://t.co/I3QjtsNaAZ https://t.co/vEdKQK669d,0.4767,0.307,0.693,0.0,26
226,CNN,Wed Mar 28 01:01:05 +0000 2018,Is the White House Counsel's Office looking into Jared Kushner? The answer isn't clear. https://t.co/lbQxxFZlPX https://t.co/Fdas6E1nO6,-0.2924,0.0,0.873,0.127,27
227,CNN,Wed Mar 28 00:57:23 +0000 2018,"RT @AC360: Seth Rich's brother sues right-wing activists, Washington Times over conspiracy theories: @GaryTuchmanCNN reports https://t.co/1‚Ä¶",-0.5267,0.0,0.815,0.185,28
228,CNN,Wed Mar 28 00:56:10 +0000 2018,"Keeping Them Honest: The President sees himself as a ‚Äúcounter-puncher,‚Äù but when it comes to Stormy Daniels, all we‚Ä¶ https://t.co/i7sXcnh0mI",0.2846,0.107,0.893,0.0,29
229,CNN,Wed Mar 28 00:51:48 +0000 2018,The US needs to borrow almost $300 billion this week https://t.co/ZYuVjMl9H5 https://t.co/xqpI8iWojN,0.0,0.0,1.0,0.0,30
230,CNN,Wed Mar 28 00:45:47 +0000 2018,China raised eyebrows this month by announcing it will give the Economic Community of West African States a $31.6 m‚Ä¶ https://t.co/dgRkS4pNdV,0.0,0.0,1.0,0.0,31
231,CNN,Wed Mar 28 00:40:26 +0000 2018,RT @AC360: China confirms: Kim Jong Un made a visit to Beijing https://t.co/mCREpkhOLd https://t.co/qoCsm4ZYzD,0.0,0.0,1.0,0.0,32
232,CNN,Wed Mar 28 00:36:50 +0000 2018,"Former President George W. Bush may have retired his political penny loafers, but his dancing shoes? Those haven't‚Ä¶ https://t.co/K4DjLuftKI",0.0,0.0,1.0,0.0,33
233,CNN,Wed Mar 28 00:32:04 +0000 2018,"""Tonight, the President, still uncharacteristically silent."" With the news dominated by stories of alleged affairs‚Ä¶ https://t.co/ywrY4xrHbh",0.0,0.0,1.0,0.0,34
234,CNN,Wed Mar 28 00:21:03 +0000 2018,"After spending 23 years in prison for a crime he didn't commit, Nevest Coleman is back working as a groundskeeper f‚Ä¶ https://t.co/3wnuYj9ZXQ",-0.8266,0.0,0.662,0.338,35
235,CNN,Wed Mar 28 00:18:02 +0000 2018,North Atlantic right whales may be on edge of extinction. There's been zero births this year.‚Ä¶ https://t.co/wkHa5e2fwD,0.0,0.0,1.0,0.0,36
236,CNN,Wed Mar 28 00:13:03 +0000 2018,Presidential misspellings create a spike in dictionary searches https://t.co/clvvRb4A5j https://t.co/jChXBtd8qI,0.2732,0.208,0.792,0.0,37
237,CNN,Wed Mar 28 00:08:53 +0000 2018,"President Trump has appointed to his cabinet several people who've served as conservative TV pundits, many on Fox N‚Ä¶ https://t.co/ENk3znOZj5",0.0,0.0,1.0,0.0,38
238,CNN,Wed Mar 28 00:03:07 +0000 2018,"Former President Barack Obama says he aspires to create ""a million young Barack Obamas or Michelle Obamas"" who will‚Ä¶ https://t.co/l7yBatqodJ",0.2732,0.1,0.9,0.0,39
239,CNN,Wed Mar 28 00:03:04 +0000 2018,The brother of slain Democratic National Committee staffer Seth Rich is suing right-wing activists and the Washingt‚Ä¶ https://t.co/R4cs9PSQVQ,0.3612,0.166,0.737,0.097,40
240,CNN,Tue Mar 27 23:58:04 +0000 2018,"Cops in Tempe, Arizona, now have AR-15s strapped to the back of their motorcycles https://t.co/olcEquajNB https://t.co/xGVdtixqVC",0.0,0.0,1.0,0.0,41
241,CNN,Tue Mar 27 23:56:45 +0000 2018,"RT @OutFrontCNN: ""Tonight, the President, still uncharacteristically silent."" - Amid a news cycle dominated by stories of alleged affairs w‚Ä¶",0.0,0.0,1.0,0.0,42
242,CNN,Tue Mar 27 23:55:14 +0000 2018,Three members of the Australian cricket team will be sent home from Johannesburg after admitting during a post-matc‚Ä¶ https://t.co/1UMvm0nLLv,0.0,0.0,1.0,0.0,43
243,CNN,Tue Mar 27 23:53:06 +0000 2018,Stunning photos capture Egypt's ancient underworld https://t.co/bW90Z7OZ7o https://t.co/8abhSDTKEu,0.3818,0.271,0.729,0.0,44
244,CNN,Tue Mar 27 23:52:02 +0000 2018,"JUST IN: North Korea leader Kim Jong Un made a surprise two-day trip to Beijing, Chinese state media has confirmed‚Ä¶ https://t.co/IW7YZvzjLR",0.2732,0.1,0.9,0.0,45
245,CNN,Tue Mar 27 23:48:04 +0000 2018,"Heineken has pulled an ad with the tagline ""Sometimes lighter is better"" after critics slammed it as racist.‚Ä¶ https://t.co/8LXiHLTqQH",0.1779,0.131,0.769,0.1,46
246,CNN,Tue Mar 27 23:43:02 +0000 2018,A new NYPD internal investigation criticizes the way the department handles sexual assaults https://t.co/UALy5XvuiA https://t.co/TNF0zTBLjm,-0.7096,0.0,0.67,0.33,47
247,CNN,Tue Mar 27 23:38:48 +0000 2018,"""They didn't have to kill him like that. They didn't have to shoot him that many times."" The grandmother of Stephon‚Ä¶ https://t.co/WqdgsJQJs6",0.806,0.303,0.697,0.0,48
248,CNN,Tue Mar 27 23:33:02 +0000 2018,"Veterans Affairs Secretary David Shulkin appears to be on thin ice with the White House, but some major veterans gr‚Ä¶ https://t.co/Tz47JBpTW1",0.0,0.0,1.0,0.0,49
249,CNN,Tue Mar 27 23:28:50 +0000 2018,"Former President Barack Obama says he aspires to create ""a million young Barack Obamas or Michelle Obamas"" who will‚Ä¶ https://t.co/Dk8k01daZO",0.2732,0.1,0.9,0.0,50
250,CNN,Tue Mar 27 23:23:07 +0000 2018,Former Disney Channel star Caroline Sunshine is joining the White House press team https://t.co/3kRTmq4lYC https://t.co/EyFCp1K3v3,0.4939,0.186,0.814,0.0,51
251,CNN,Tue Mar 27 23:18:02 +0000 2018,"""The widespread prevalence of endometriosis ‚Äî and the lack of any long-term treatment options ‚Äî is nothing short of‚Ä¶ https://t.co/qygfw6aVFD",-0.3182,0.0,0.881,0.119,52
252,CNN,Tue Mar 27 23:13:59 +0000 2018,"RT @CNNSitRoom: An official with deep knowledge of North Korea told CNN there was a ""strong possibility"" that North Korean leader Kim Jong‚Ä¶",0.5106,0.136,0.864,0.0,53
253,CNN,Tue Mar 27 23:13:05 +0000 2018,Uber's self-driving permit in California goes until March 31 -- and the company said it will let the permit expire‚Ä¶ https://t.co/sJWdSR2uTu,0.0,0.0,1.0,0.0,54
254,CNN,Tue Mar 27 23:12:00 +0000 2018,"RT @CNNOpinion: Learn from the Holocaust and stop the massacre in Syria, write @EvaMozesKor and @MhdAGhanem https://t.co/urdH6TeosD",-0.296,0.0,0.879,0.121,55
255,CNN,Tue Mar 27 23:08:06 +0000 2018,"The CEO of Waymo, the driverless car division of Google parent company Alphabet, said his company's driverless cars‚Ä¶ https://t.co/BSqPEppylZ",0.0,0.0,1.0,0.0,56
256,CNN,Tue Mar 27 23:03:03 +0000 2018,Some Aetna customers could see lower drug prices next year https://t.co/lYDhNfdyxU https://t.co/WFnbBn5HhA,-0.296,0.0,0.833,0.167,57
257,CNN,Tue Mar 27 22:58:05 +0000 2018,"Don't be an April fool and miss out on what's streaming on Netflix, Hulu and Amazon Prime next month https://t.co/sf2jB37GxA",-0.4215,0.073,0.733,0.194,58
258,CNN,Tue Mar 27 22:53:07 +0000 2018,An appeals court said Google violated copyright laws when it used Oracle's open-source Java software to build the A‚Ä¶ https://t.co/MEw6qBehlk,-0.5267,0.0,0.848,0.152,59
259,CNN,Tue Mar 27 22:48:07 +0000 2018,Researchers have detailed the structure and distribution of spaces in your body that they say represent a newfound‚Ä¶ https://t.co/QAaCP21k8T,0.0,0.0,1.0,0.0,60
260,CNN,Tue Mar 27 22:43:00 +0000 2018,The NFL and Nike just announced that they would be extending their partnership for another eight years https://t.co/bAROWhKLHg,0.0,0.0,1.0,0.0,61
261,CNN,Tue Mar 27 22:38:02 +0000 2018,"Six days after a ransomware attack shut down the City of Atlanta's online systems, officials are telling employees‚Ä¶ https://t.co/okyUlZFUM5",-0.4767,0.0,0.846,0.154,62
262,CNN,Tue Mar 27 22:33:06 +0000 2018,The census has always been a weapon of political power | Analysis by CNN's Gregory Krieg https://t.co/2eHizX8TE7 https://t.co/Cr6gCfy237,-0.296,0.0,0.872,0.128,63
263,CNN,Tue Mar 27 22:32:19 +0000 2018,"Steven Spielberg nixes Carl's Jr.'s ""SpielBurgers"" dreams https://t.co/iz5DyMTxUD https://t.co/K5Vu9d4yHm",0.4019,0.252,0.748,0.0,64
264,CNN,Tue Mar 27 22:28:04 +0000 2018,A former professional clown is running for Congress in South Carolina https://t.co/GMfVUgWMob https://t.co/pSpDLGTqgX,0.0,0.0,1.0,0.0,65
265,CNN,Tue Mar 27 22:28:03 +0000 2018,There's not a 'snowflake's chance in hell' of repealing the Second Amendment | Analysis by CNN's Z. Byron Wolf‚Ä¶ https://t.co/yzVur4ZfQ0,-0.7461,0.0,0.716,0.284,66
266,CNN,Tue Mar 27 22:23:04 +0000 2018,White House press secretary Sarah Sanders defended President Trump's silence on allegations leveled against him by‚Ä¶ https://t.co/oycTPyBTn1,0.0,0.0,1.0,0.0,67
267,CNN,Tue Mar 27 22:18:03 +0000 2018,Secretary of Defense James Mattis on President Trump‚Äôs newly named national security adviser John Bolton: ‚ÄúI hope t‚Ä¶ https://t.co/WHpD4xHuTI,0.7003,0.298,0.702,0.0,68
268,CNN,Tue Mar 27 22:13:03 +0000 2018,Warren Buffett swooped in to rescue General Electric once. Could he do it again? https://t.co/0aW43nOaAa,0.5106,0.191,0.809,0.0,69
269,CNN,Tue Mar 27 22:08:05 +0000 2018,Why the Trump administration's plan to put a citizenship question back on the US census is a big deal‚Ä¶ https://t.co/TD01oqVqva,0.0,0.0,1.0,0.0,70
270,CNN,Tue Mar 27 22:02:24 +0000 2018,The US general in charge of the nation's nuclear arsenal has issued a stark warning that Russia and China are aggre‚Ä¶ https://t.co/wFSuV1etYq,-0.34,0.0,0.893,0.107,71
271,CNN,Tue Mar 27 21:50:39 +0000 2018,Michael Phelps calls on the US Olympic Committee to do more to help athletes struggling with depression‚Ä¶ https://t.co/Y9pZFED1vl,0.046,0.137,0.735,0.129,72
272,CNN,Tue Mar 27 21:49:31 +0000 2018,RT @CNNSitRoom: Most Americans say US President Trump isn't doing enough to cooperate with special counsel Robert Mueller's investigation i‚Ä¶,0.4019,0.124,0.876,0.0,73
273,CNN,Tue Mar 27 21:48:57 +0000 2018,"Nearly two thirds of Americans approve of President Trump's plan to meet with North Korean leader Kim Jong Un, acco‚Ä¶ https://t.co/6I0Ao6SyVw",0.0,0.0,1.0,0.0,74
274,CNN,Tue Mar 27 21:45:30 +0000 2018,"New CNN/SSRS poll: Should Robert Mueller be able to investigate Trump‚Äôs finances?
- Yes 67%
- No 28%‚Ä¶ https://t.co/Q8waAySeZj",0.128,0.136,0.754,0.111,75
275,CNN,Tue Mar 27 21:40:58 +0000 2018,"Hormone replacement may prevent belly fat in postmenopausal women, according to a new study https://t.co/fyYbOSWWfc",0.0258,0.078,0.922,0.0,76
276,CNN,Tue Mar 27 21:34:45 +0000 2018,Most Americans say President Trump isn't doing enough to cooperate with special counsel Robert Mueller's investigat‚Ä¶ https://t.co/IzArFrCj0M,0.4019,0.144,0.856,0.0,77
277,CNN,Tue Mar 27 21:29:42 +0000 2018,JUST IN: Nearly two thirds of Americans approve of President Trump's plan to meet with North Korean leader Kim Jong‚Ä¶ https://t.co/E8p8cpdLWD,0.0,0.0,1.0,0.0,78
278,CNN,Tue Mar 27 21:25:20 +0000 2018,"""Never mind that an undereducated population is bad for democracy -- it's good for the GOP, and so Republicans are‚Ä¶ https://t.co/eGgtXnaEP5",-0.1531,0.114,0.748,0.138,79
279,CNN,Tue Mar 27 21:21:21 +0000 2018,Stormy Daniels' lawyer: Donald Trump isn‚Äôt speaking out about the affair allegations because ‚Äúmy client is telling‚Ä¶ https://t.co/UHS6v2Mc2c,0.0,0.0,1.0,0.0,80
280,CNN,Tue Mar 27 21:19:05 +0000 2018,The White House defends President Trump's silence on allegations leveled against him by Stormy Daniels‚Ä¶ https://t.co/GGtqrtq5lh,0.0,0.0,1.0,0.0,81
281,CNN,Tue Mar 27 21:17:05 +0000 2018,"The NRA insisted it did not use foreign funds for election-related purposes, even as the group acknowledged it acce‚Ä¶ https://t.co/wFcSX2AffF",0.0,0.0,1.0,0.0,82
282,CNN,Tue Mar 27 21:12:05 +0000 2018,Why dismissing Stormy Daniels' story would be a mistake | By Carol Costello via @CNNOpinion https://t.co/Rw77AFywo2 https://t.co/sPuNqi1TOF,-0.34,0.0,0.854,0.146,83
283,CNN,Tue Mar 27 21:08:05 +0000 2018,"RT @TheLeadCNN: Rep. Lieu: I support US move to expel Russian diplomats, but we have a long way to go for the Trump Administration to ‚Äú[sto‚Ä¶",-0.0258,0.072,0.853,0.076,84
284,CNN,Tue Mar 27 21:05:09 +0000 2018,"Tesla stock slid 8% following a string of bad news, including the NTSB's announcement that it's investigating a fat‚Ä¶ https://t.co/8v3hjShQv4",-0.5423,0.0,0.829,0.171,85
285,CNN,Tue Mar 27 20:56:02 +0000 2018,"Facebook's stock has plunged 18% amid its data scandal, wiping out nearly $80 billion in market value‚Ä¶ https://t.co/Y7l6pDeZwJ",-0.4404,0.0,0.854,0.146,86
286,CNN,Tue Mar 27 20:51:43 +0000 2018,"RT @TheLeadCNN: Rep. Lieu: People need to have faith that the census data is accurate, ‚Äúand if you‚Äôre an immigrant, you might not want to t‚Ä¶",0.3773,0.1,0.856,0.044,87
287,CNN,Tue Mar 27 20:51:04 +0000 2018,"Israeli Prime Minister Benjamin Netanyahu hospitalized for a high fever and cough, his office says‚Ä¶ https://t.co/nobdnlqqEi",0.0,0.0,1.0,0.0,88
288,CNN,Tue Mar 27 20:46:05 +0000 2018,"Nvidia is temporarily pausing its self-driving car tests on public roads a week after a car from Uber, which incorp‚Ä¶ https://t.co/VzWph7rVGz",0.0,0.0,1.0,0.0,89
289,CNN,Tue Mar 27 20:41:37 +0000 2018,"Secretary Zinke, we can't afford to ignore diversity | By Andre Perry via @CNNOpinion https://t.co/Z0mq8ZggbN https://t.co/npCcdgkRrl",0.2755,0.131,0.869,0.0,90
290,CNN,Tue Mar 27 20:37:42 +0000 2018,US Ambassador to the UN Nikki Haley on Russia: Their ‚Äúblatantly false narratives will not keep us from telling the‚Ä¶ https://t.co/FMnyi5lmL6,0.0,0.0,1.0,0.0,91
291,CNN,Tue Mar 27 20:30:39 +0000 2018,"The Dow drops about 345 points, completely reversing a 244-point gain from early in the day, as tech stocks get cru‚Ä¶ https://t.co/dwEBWWjmkA",0.5667,0.155,0.845,0.0,92
292,CNN,Tue Mar 27 20:21:37 +0000 2018,The US Supreme Court prepares for a right turn https://t.co/5XsbK13Nhx https://t.co/RS21gJQV4X,0.5574,0.286,0.714,0.0,93
293,CNN,Tue Mar 27 20:13:57 +0000 2018,Apple co-founder Steve Jobs warned about privacy issues in tech at a conference in 2010. Facebook's Mark Zuckerberg‚Ä¶ https://t.co/cMxBuIZItP,-0.2732,0.0,0.89,0.11,94
294,CNN,Tue Mar 27 20:11:06 +0000 2018,"A group of fair housing organizations have filed a lawsuit against Facebook, alleging that its advertising platform‚Ä¶ https://t.co/3MfFvBLey6",0.1027,0.126,0.769,0.104,95
295,CNN,Tue Mar 27 20:06:04 +0000 2018,Washington apples and cherries are caught in the trade fight between the United States and China‚Ä¶ https://t.co/9jyta5qzmx,0.0516,0.137,0.735,0.127,96
296,CNN,Tue Mar 27 20:03:47 +0000 2018,"RT @CNNMoney: Dow drops 345 points, reversing an earlier rally. Nasdaq plunges 2.9% on tech sell-off. Nvidia, Facebook tumble. https://t.co‚Ä¶",0.0,0.0,1.0,0.0,97
297,CNN,Tue Mar 27 19:58:07 +0000 2018,"Not enough was done to stop Russian trolls, former CIA Director Michael Hayden says https://t.co/IWNEqtVw7A https://t.co/PF0CiO23j4",-0.296,0.0,0.872,0.128,98
298,CNN,Tue Mar 27 19:55:30 +0000 2018,RT @CNNMoney: Dow drops 450 points as tech stocks get crushed. The selloff follows Monday's 690-point spike. https://t.co/4FuWC7XE3O https:‚Ä¶,-0.4215,0.0,0.865,0.135,99
299,CNN,Tue Mar 27 19:53:04 +0000 2018,Watch former President George W. Bush bust a move on the dance floor https://t.co/QNH2dfEQOT https://t.co/8JWDbQdLQi,0.0,0.0,1.0,0.0,100
300,Fox,Wed Mar 28 01:59:26 +0000 2018,"I‚Äôve been watching Big Little Lies lately, and the portrayal of the complexity of abusive relationships is both exc‚Ä¶ https://t.co/qMNxveax5O",-0.7722,0.0,0.729,0.271,1
301,Fox,Wed Mar 28 01:44:18 +0000 2018,@RedRoxProjects Thank you! üíê,0.4199,0.583,0.417,0.0,2
302,Fox,Wed Mar 28 01:15:30 +0000 2018,@OphelieLechat üíì,0.0,0.0,1.0,0.0,3
303,Fox,Wed Mar 28 00:36:44 +0000 2018,"This, a thousand times for job interviews or ‚ÄùI just want to catch up and talk about things‚Äù. https://t.co/5AA2d4vkwd",0.0772,0.071,0.929,0.0,4
304,Fox,Wed Mar 28 00:17:46 +0000 2018,@SaskiaFairfull North Melbourne Meat Market.,0.0,0.0,1.0,0.0,5
305,Fox,Tue Mar 27 23:50:53 +0000 2018,@SaskiaFairfull Thank you!,0.4199,0.583,0.417,0.0,6
306,Fox,Tue Mar 27 23:41:20 +0000 2018,"This incredible venue plus my art direction skills. I‚Äôm pretty proud of myself.

üíñ https://t.co/st8XZOoc4y",0.743,0.344,0.656,0.0,7
307,Fox,Tue Mar 27 21:59:30 +0000 2018,"Have you ever seen a conference releasing a diversity report, even if it‚Äôs only in the spectrum of gender?

I haven‚Ä¶ https://t.co/e819on1BUh",0.0,0.0,1.0,0.0,8
308,Fox,Tue Mar 27 09:00:45 +0000 2018,@darngooood I‚Äôm perpetually inspired by your clothing style. ‚ú®üò≠üòç,0.4939,0.286,0.714,0.0,9
309,Fox,Tue Mar 27 02:09:57 +0000 2018,"@mspowahs ugh damn Facebook, the root of evil",-0.872,0.0,0.336,0.664,10
310,Fox,Tue Mar 27 01:25:24 +0000 2018,"Company: Diversity and inclusion are really important to us!

Company has:

‚Üí Zero women
‚Üí Women only in support, m‚Ä¶ https://t.co/MZmNK67D6a",0.623,0.23,0.77,0.0,11
311,Fox,Tue Mar 27 00:54:50 +0000 2018,"RT @zeynep: Show me your budget and business model, and I‚Äôll know your actual priorities. The rest is mostly PR. https://t.co/hy3XyoW3Lt",0.0,0.0,1.0,0.0,12
312,Fox,Mon Mar 26 23:23:04 +0000 2018,@jennwrites the voices are coming from inside the house,0.0,0.0,1.0,0.0,13
313,Fox,Mon Mar 26 23:22:32 +0000 2018,@lara_hogan Congratulations! You both look fantastic. üíù,0.8313,0.661,0.339,0.0,14
314,Fox,Mon Mar 26 22:37:19 +0000 2018,"RT @menajew: There‚Äôs a common misconception that you can‚Äôt be Disabled and happy. That you can‚Äôt express joy, and if you do, you must not b‚Ä¶",0.8176,0.246,0.754,0.0,15
315,Fox,Mon Mar 26 22:25:49 +0000 2018,"Meanwhile in Poland, where the government is still trying to push an abortion ban and curb women‚Äôs rights. https://t.co/zTmJo9P2gy",-0.5574,0.0,0.833,0.167,16
316,Fox,Mon Mar 26 07:00:10 +0000 2018,"A casual reminder that you don‚Äôt need to be an entrepreneur, founder, C-level exec or a manager for your work to ma‚Ä¶ https://t.co/jcxAagr1cL",0.2023,0.083,0.917,0.0,17
317,Fox,Mon Mar 26 06:58:15 +0000 2018,"@kouky @benschwarz It‚Äôs for me, obviously",0.0,0.0,1.0,0.0,18
318,Fox,Mon Mar 26 03:56:41 +0000 2018,"Seriously, @wnotw? Alcohol is the top perk you can think of? https://t.co/itaV4XwmOZ",0.1179,0.156,0.722,0.123,19
319,Fox,Mon Mar 26 03:44:31 +0000 2018,RT @sarahcuda: this is well put. https://t.co/5sDOcqX29b,0.2732,0.259,0.741,0.0,20
320,Fox,Mon Mar 26 02:47:03 +0000 2018,I need this pin immediately. https://t.co/EHTEFefzop,0.0,0.0,1.0,0.0,21
321,Fox,Mon Mar 26 02:42:53 +0000 2018,@dgoodlad might be of your interest https://t.co/pS2X5ExrLs,0.4588,0.333,0.667,0.0,22
322,Fox,Mon Mar 26 00:26:16 +0000 2018,"Less mentoring, more empowerment.",0.0,0.0,1.0,0.0,23
323,Fox,Mon Mar 26 00:07:12 +0000 2018,"My life in a nutshell (plus a few great strategies on not talking about ‚Äúbeing a woman in tech‚Äù).

üëèüèª @vaurorapub!

https://t.co/aTlTP0F8jI",0.6588,0.196,0.804,0.0,24
324,Fox,Mon Mar 26 00:05:56 +0000 2018,"Do yourself a favour and read this fantastic piece by @sw and @vaurorapub on getting free from toxic tech culture.

https://t.co/CzPs8FaBcL",0.8873,0.381,0.619,0.0,25
325,Fox,Sun Mar 25 23:28:32 +0000 2018,"After running a 4-day conference and I‚Äôm now back on calling out exclusion and toxic tech culture.

üíÅüèª‚Äç‚ôÄÔ∏è üëãüèª",-0.296,0.0,0.885,0.115,26
326,Fox,Sun Mar 25 20:48:09 +0000 2018,"@benschwarz @adactio Also coffee at Karma, sweets at Massolit Bakery, wine at Charlotte, beer at Multi Qlti :)",0.7351,0.279,0.721,0.0,27
327,Fox,Sun Mar 25 01:36:33 +0000 2018,RT @bubsolow: starting the job hunt ‚òû would appreciate any junior developer roles / feedback on my resume https://t.co/PiSPoASsEf,0.4019,0.144,0.856,0.0,28
328,Fox,Sat Mar 24 20:59:43 +0000 2018,"@jennschiffer @laras126 @gr2m @jimthoburn @rouzbeh84 Yep, I just wanted to clarify why I was asking :)",0.6369,0.302,0.698,0.0,29
329,Fox,Sat Mar 24 20:44:20 +0000 2018,"@jennschiffer @laras126 @gr2m @jimthoburn @rouzbeh84 I understand that, however I‚Äôd like to point out that there ar‚Ä¶ https://t.co/Bn3xxN1M2S",0.3612,0.135,0.865,0.0,30
330,Fox,Sat Mar 24 10:01:49 +0000 2018,My event organizing performance review lies in community impressions. üôèüèª https://t.co/4mzFEwwzKR,-0.2263,0.139,0.657,0.204,31
331,Fox,Sat Mar 24 09:37:21 +0000 2018,@laras126 @gr2m @jimthoburn @rouzbeh84 @jennschiffer Hmmmm... did that go through the rules for running a CSSConf? https://t.co/KaFgIwo4Rd,0.0,0.0,1.0,0.0,32
332,Fox,Sat Mar 24 01:41:30 +0000 2018,"I wish all of the brands capitalizing on the feminist movement at least had some baseline of inclusion.

Make it in‚Ä¶ https://t.co/yK3F8MMBP0",0.4019,0.119,0.881,0.0,33
333,Fox,Fri Mar 23 23:03:43 +0000 2018,"Looking to read some new, good product and design books. Any recommendations for publications within the last 3 years? üôè",0.4404,0.146,0.854,0.0,34
334,Fox,Fri Mar 23 23:03:00 +0000 2018,"@tsunamino omg, so excellent!",0.7213,0.627,0.373,0.0,35
335,Fox,Fri Mar 23 22:54:03 +0000 2018,@sch Sure! Thank you for being open to chatting. Emailed. :),0.7959,0.503,0.497,0.0,36
336,Fox,Fri Mar 23 22:32:15 +0000 2018,"@sch I‚Äôm in Melbourne, which has 5 hours overlap with SF :)",0.4588,0.231,0.769,0.0,37
337,Fox,Fri Mar 23 22:17:43 +0000 2018,@sch hey! I‚Äôm assuming this isn‚Äôt a remote job?,0.0,0.0,1.0,0.0,38
338,Fox,Fri Mar 23 22:09:16 +0000 2018,"@jasonfried I always really enjoyed 37signals‚Äô books, but I can‚Äôt unsee the ableism in the title...",0.3174,0.15,0.85,0.0,39
339,Fox,Fri Mar 23 22:08:00 +0000 2018,I‚Äôd love to have more time to build up my professional portfolio but it‚Äôs hard to focus when there‚Äôs no job securit‚Ä¶ https://t.co/QOnLi6v91M,-0.2023,0.096,0.741,0.163,40
340,Fox,Fri Mar 23 22:05:46 +0000 2018,"As much as I love connecting with fellow women at tech events, it always breaks my heart so much that half of the c‚Ä¶ https://t.co/DlZtj3F2AQ",0.6369,0.154,0.846,0.0,41
341,Fox,Fri Mar 23 22:04:12 +0000 2018,"@mapotato I‚Äôm so sorry about this, Theresa. We will try to find out the name of the offender. There will be consequences.",-0.5009,0.0,0.825,0.175,42
342,Fox,Fri Mar 23 22:02:44 +0000 2018,Inclusion sections on careers pages mean nothing if you can‚Äôt reply to all candidates no matter the outcome and giv‚Ä¶ https://t.co/JrBPxHYF7m,-0.2732,0.049,0.852,0.099,43
343,Fox,Fri Mar 23 10:19:46 +0000 2018,@almonk @jgwhite @itchymutt Interesting. I‚Äôd be keen to chat in that case :),0.802,0.451,0.549,0.0,44
344,Fox,Fri Mar 23 10:08:18 +0000 2018,RT @duyenho: Hats off to @Fox for being the real deal üí™ Thank you Karolina and @benschwarz for the last ever #jsconfau18 https://t.co/8oRoy‚Ä¶,0.3612,0.106,0.894,0.0,45
345,Fox,Fri Mar 23 10:08:07 +0000 2018,RT @not_sherry_wine: Shoutout to @fox and @benschwarz for the fantastic #JSConfAU18. The opportunity program is one of the best gift I‚Äôve b‚Ä¶,0.926,0.429,0.571,0.0,46
346,Fox,Fri Mar 23 08:32:21 +0000 2018,"RT @the_patima: üì¢‚ú® I have something to tell you all...

I'm going to Berlin in June to speak at @jsconfeu!!!! üíñ

üåü It's my 1st ever trip to‚Ä¶",0.0,0.0,1.0,0.0,47
347,Fox,Fri Mar 23 08:30:43 +0000 2018,@itchymutt @heroku SF-based?,0.0,0.0,1.0,0.0,48
348,Fox,Fri Mar 23 03:38:24 +0000 2018,RT @susanthesquark: I've said it a million times and I'll keep shouting it from the rooftops: a company's diversity and inclusion efforts m‚Ä¶,0.0,0.0,1.0,0.0,49
349,Fox,Thu Mar 22 23:43:23 +0000 2018,"Apparently someone said that they‚Äôre only afraid of meeting two people; @dhh and myself.

I will take this as a compliment.",0.4767,0.147,0.853,0.0,50
350,Fox,Thu Mar 22 20:41:52 +0000 2018,"That‚Äôs a wrap, everyone. CSSConf and JSConf Australia are now a thing of a past.

Hope we left you inspired and with new friends.

üôå",0.8481,0.338,0.662,0.0,51
351,Fox,Thu Mar 22 20:29:50 +0000 2018,"@robodana Thank you for your kind words, Dana! I‚Äôm glad you‚Äôve enjoyed it",0.9098,0.581,0.419,0.0,52
352,Fox,Thu Mar 22 20:29:29 +0000 2018,"@kriesse @benschwarz Texting from bed, yes üå∏",0.4019,0.351,0.649,0.0,53
353,Fox,Thu Mar 22 01:21:07 +0000 2018,"@sentience Ah, interesting! Great photos üëèüèª",0.7959,0.639,0.361,0.0,54
354,Fox,Thu Mar 22 01:09:38 +0000 2018,@sentience what camera and lenses are you using? Fuji or Leica? The quality is quite great.,0.6959,0.241,0.759,0.0,55
355,Fox,Wed Mar 21 23:17:34 +0000 2018,"RT @JSConfAU: Did you enjoy the live stream today? Great, because we‚Äôre doing it again today.

Tune in for awesome tech talks. üôè‚ù§Ô∏è #jsconfa‚Ä¶",0.9081,0.352,0.648,0.0,56
356,Fox,Wed Mar 21 22:35:50 +0000 2018,"I have so many subtweets about people misbehaving in subtle ways at conferences I could probably write a book by now. 

Last day to go!",-0.4574,0.0,0.875,0.125,57
357,Fox,Wed Mar 21 01:30:04 +0000 2018,"RT @fox: üö®üëãüèª Hi everyone! I‚Äôm searching for new opportunities. 

I‚Äôm looking for multidisciplinary product, front-end and leadership roles.‚Ä¶",0.4389,0.138,0.862,0.0,58
358,Fox,Tue Mar 20 23:43:13 +0000 2018,@RedRoxProjects Thank you! üå∫,0.4199,0.583,0.417,0.0,59
359,Fox,Tue Mar 20 23:21:08 +0000 2018,@agisilaosts thank you! üå∫,0.4199,0.583,0.417,0.0,60
360,Fox,Tue Mar 20 22:30:20 +0000 2018,"We‚Äôre live streaming @jsconfau talks all day today and tomorrow. Starting in 30 minutes!

https://t.co/ttIzoV4Cjz",0.0,0.0,1.0,0.0,61
361,Fox,Tue Mar 20 19:54:47 +0000 2018,RT @frameshiftllc: New angle for change in VC: founders refusing to take funding from all-male all-white firms https://t.co/AMi8UJbTGO,-0.4019,0.0,0.863,0.137,62
362,Fox,Tue Mar 20 19:54:21 +0000 2018,@sentience @benschwarz @glenmaddern @xzyfer @jordanlewiz I like how everyone is wearing black or tan pants.,0.3612,0.161,0.839,0.0,63
363,Fox,Tue Mar 20 18:46:00 +0000 2018,"@kriesse @benschwarz ‚ù§Ô∏è‚ù§Ô∏è‚ù§Ô∏è

I‚Äôll have a celebration of lying face down in a few days.",-0.5267,0.0,0.779,0.221,64
364,Fox,Tue Mar 20 05:15:04 +0000 2018,@butwhoiskat thank you!,0.4199,0.583,0.417,0.0,65
365,Fox,Mon Mar 19 23:38:23 +0000 2018,"Here it goes. Last 8 months of constant work will happen within the next 3 days.

https://t.co/c48sQqdnXv",0.0,0.0,1.0,0.0,66
366,Fox,Mon Mar 19 22:55:26 +0000 2018,"RT @cssconfau: Guess what?

Even if you aren‚Äôt here, you can watch all the talks LIVE! üò±

Tune into the live stream here. #cssconfau18 

ht‚Ä¶",0.0,0.0,1.0,0.0,67
367,Fox,Mon Mar 19 10:25:22 +0000 2018,"@amyngyn hahaha. I actually never been, but I‚Äôve heard the bar is great. :)",0.9178,0.544,0.456,0.0,68
368,Fox,Mon Mar 19 06:54:56 +0000 2018,@amyngyn Loui Bar?,0.0,0.0,1.0,0.0,69
369,Fox,Mon Mar 19 00:57:53 +0000 2018,RT @LJKenward: Hey friends! üëã Who's hiring Junior Devs at the moment? I have some awesome people from the @juniordev_io Community currently‚Ä¶,0.8172,0.294,0.706,0.0,70
370,Fox,Mon Mar 19 00:08:00 +0000 2018,Don‚Äôt forget about the Community Social today! EVERYONE IS WELCOME (even if you don‚Äôt hold a CSSConf or JSConf tick‚Ä¶ https://t.co/6c79TcKFCi,0.481,0.168,0.752,0.079,71
371,Fox,Sun Mar 18 23:11:31 +0000 2018,Toxic tech industry creates a fake vision of what each of us (especially minorities) have to be and achieve to be ‚Äù‚Ä¶ https://t.co/yfXZ5nxCJ7,0.0,0.156,0.725,0.118,72
372,Fox,Sun Mar 18 21:53:04 +0000 2018,"@amyngyn I never introduce myself. The focus is on content, not myself. Also I don‚Äôt feel like I need to justify my cred. :)",0.6705,0.224,0.776,0.0,73
373,Fox,Sun Mar 18 03:17:02 +0000 2018,Today I got kissed by a dingo. üíÅüèª‚Äç‚ôÄÔ∏è https://t.co/FDQsVw2anl,0.3818,0.302,0.698,0.0,74
374,Fox,Sat Mar 17 21:10:23 +0000 2018,"@Sareh88 Thank you, Sareh! That‚Äôs very kind. ‚ù§Ô∏è",0.7569,0.519,0.481,0.0,75
375,Fox,Sat Mar 17 08:20:32 +0000 2018,@meelijane https://t.co/Y5wM3nCdsH in Northcote. I‚Äôve tested many and this one is orders of magnitude better than everywhere else. :),0.7096,0.258,0.742,0.0,76
376,Fox,Sat Mar 17 07:02:55 +0000 2018,One of many reasons why I love my yoga studio so much is how meditative the practice is and how all the instructors‚Ä¶ https://t.co/VXfSqdo6bk,0.765,0.239,0.761,0.0,77
377,Fox,Sat Mar 17 06:59:15 +0000 2018,"@IvanaMcConnell I can only help ruin your bank account further, sorry. üòÇ",-0.34,0.182,0.473,0.345,78
378,Fox,Sat Mar 17 06:58:49 +0000 2018,"RT @slamup: people love to say

     no child is born 
     with hate in their heart

which is all very
romantic

but from the moment
a bla‚Ä¶",0.1646,0.156,0.711,0.134,79
379,Fox,Sat Mar 17 04:44:27 +0000 2018,"@evanderkoogh Nope, we are at full capacity of the venue. :)",0.4588,0.231,0.769,0.0,80
380,Fox,Sat Mar 17 04:43:03 +0000 2018,"RT @cssconfau: Come and celebrate with us at pre CSSConf and JSConf AU community social!

üìÖ Monday, March 19, 6pm onwards
üìçStomping Ground‚Ä¶",0.6114,0.16,0.84,0.0,81
381,Fox,Sat Mar 17 03:16:57 +0000 2018,"@noahmp Heh, dang :) worth asking nonetheless.",0.5106,0.467,0.381,0.152,82
382,Fox,Sat Mar 17 03:10:32 +0000 2018,@noahmp üëãüèª is this a SF-based role?,0.0,0.0,1.0,0.0,83
383,Fox,Fri Mar 16 23:36:37 +0000 2018,RT @mbrockenbrough: Here's a point worth making every so often. The patriarchy isn't men. It's a system that prefers them. Wanting to disma‚Ä¶,0.2263,0.087,0.913,0.0,84
384,Fox,Fri Mar 16 23:36:24 +0000 2018,@madalynrose Thank you so much ‚ò∫Ô∏è looking forward to meeting you! üå∫,0.4199,0.218,0.782,0.0,85
385,Fox,Fri Mar 16 23:27:46 +0000 2018,"@andymcmillan Thanks, Andy! You are an inspiration for me too! üíô",0.7835,0.463,0.537,0.0,86
386,Fox,Fri Mar 16 23:27:14 +0000 2018,@evanderkoogh Hey Erwin! Thanks so much. We can chat during the events. :),0.7345,0.36,0.64,0.0,87
387,Fox,Fri Mar 16 23:11:30 +0000 2018,I don‚Äôt know what or who I‚Äôm most disappointed with to allow community work put my career in the background (again)‚Ä¶ https://t.co/khOCa8rLHV,-0.3597,0.078,0.782,0.14,88
388,Fox,Fri Mar 16 23:09:07 +0000 2018,This time was supposed to be split between the conference and product work that would set me up for looking for a j‚Ä¶ https://t.co/mOoFPPnV5w,0.0,0.0,1.0,0.0,89
389,Fox,Fri Mar 16 23:07:25 +0000 2018,"Over the last 6+ months, I‚Äôve sacrificed all the time I had to run CSSConf and JSConf AU. I‚Äôve set the highest stan‚Ä¶ https://t.co/QRvns2lJs8",0.0,0.0,1.0,0.0,90
390,Fox,Fri Mar 16 23:00:59 +0000 2018,"RT @katebevan: LAYDEEZ!!!! Worried that VPNs are too hard for your fluffy ladybrain??? Never fear, a fuckwitted BroCo called @keepsafe is h‚Ä¶",-0.818,0.0,0.679,0.321,91
391,Fox,Fri Mar 16 22:40:18 +0000 2018,@sarah_edo thank you! üò≥,0.4199,0.583,0.417,0.0,92
392,Fox,Fri Mar 16 20:34:54 +0000 2018,I can‚Äôt wait to come back to lovey Portland and see what wonderful thing @andymcmillan and @waxpancake are preparin‚Ä¶ https://t.co/3rfz3ShOEU,0.5719,0.171,0.829,0.0,93
393,Fox,Fri Mar 16 04:01:44 +0000 2018,@jennwrites thank you! I miss you too üò≠‚ù§Ô∏è,0.2942,0.297,0.532,0.17,94
394,Fox,Fri Mar 16 01:52:07 +0000 2018,"To the young woman wearing a ‚Äúthe future is female‚Äù tee:

The
Future
Is
Intersectional",0.0,0.0,1.0,0.0,95
395,Fox,Fri Mar 16 01:33:25 +0000 2018,"Cannot agree with this more. I constantly get asked for free diversity, inclusion, community or general workplace a‚Ä¶ https://t.co/M9hOz6A980",0.7003,0.266,0.734,0.0,96
396,Fox,Fri Mar 16 00:36:14 +0000 2018,"@pat @coryannj @kckal Oh, I have not seen it. Will register. üëçüèª",0.0,0.0,1.0,0.0,97
397,Fox,Thu Mar 15 23:44:49 +0000 2018,Four days to go. https://t.co/RYxiCmMEFp,0.0,0.0,1.0,0.0,98
398,Fox,Thu Mar 15 22:04:46 +0000 2018,"Ellen already had a lasting impact on diversity and inclusion spanning beyond the tech industry. 

I can‚Äôt wait to‚Ä¶ https://t.co/1QFSP6DHyQ",0.0,0.0,1.0,0.0,99
399,Fox,Thu Mar 15 22:03:16 +0000 2018,@jordwalsh üëãüèª interesting! Would you be able to email me more details? hi at https://t.co/vah0lKcYeo. üì¨,0.4574,0.176,0.824,0.0,100
400,nytimes,Wed Mar 28 03:32:03 +0000 2018,"RT @NYTStyles: ""How can I get over my sense of betrayal, my rage and my desire to punish this man for the disrespectful way he treated me?""‚Ä¶",-0.8442,0.076,0.62,0.304,1
401,nytimes,Wed Mar 28 03:17:04 +0000 2018,"Detectives in Los Angeles searching for an actress who disappeared last month found a body they believe is hers, th‚Ä¶ https://t.co/UctTxeFEo6",-0.2263,0.0,0.909,0.091,2
402,nytimes,Wed Mar 28 03:02:02 +0000 2018,"""We have created a double tragedy for these people."" Chronic pain patients treated with high doses of opioids are c‚Ä¶ https://t.co/O2ZPgi7gM5",-0.7717,0.075,0.637,0.288,3
403,nytimes,Wed Mar 28 02:51:05 +0000 2018,RT @nytopinion: John Paul Stevens: Rarely in my lifetime have I seen the type of civic engagement school children demonstrated throughout t‚Ä¶,0.4588,0.13,0.87,0.0,4
404,nytimes,Wed Mar 28 02:38:06 +0000 2018,"Before harvesting millions of users' Facebook data, Cambridge Analytica had help from an employee at Peter Thiel's‚Ä¶ https://t.co/yq5T0MfyyH",0.4019,0.137,0.863,0.0,5
405,nytimes,Wed Mar 28 02:26:03 +0000 2018,Investors pummeled tech stocks again on Tuesday as they hurried to drop shares in the very sector that once drove a‚Ä¶ https://t.co/55Ge3ZrTLI,0.0258,0.091,0.823,0.086,6
406,nytimes,Wed Mar 28 02:17:02 +0000 2018,RT @PamelaPaulNYT: Everyone except Sean Penn will enjoy reading this book review. https://t.co/RliFDhdK2o,0.4939,0.211,0.789,0.0,7
407,nytimes,Wed Mar 28 02:02:02 +0000 2018,"In Opinion,
Isabelle Robinson, a senior at Marjory Stoneman Douglas High School, writes, ""The idea that we are to b‚Ä¶ https://t.co/cVB0DGRzd0",0.0,0.0,1.0,0.0,8
408,nytimes,Wed Mar 28 01:51:02 +0000 2018,Bill Cunningham left us one final gift: a memoir https://t.co/jNLxToxSrK,0.4404,0.266,0.734,0.0,9
409,nytimes,Wed Mar 28 01:41:04 +0000 2018,RT @nickconfessore: NEW w/@AllMattNYT &amp; @carolecadwalla: interviews &amp; documents reveal how an employee at Peter Thiel's Silicon Valley inte‚Ä¶,0.0,0.0,1.0,0.0,10
410,nytimes,Wed Mar 28 01:32:09 +0000 2018,"He was wrongfully convicted of rape and murder and spent 23 years behind bars. This week, he returned to work as a‚Ä¶ https://t.co/I6ujPJ625a",-0.886,0.0,0.691,0.309,11
411,nytimes,Wed Mar 28 01:17:05 +0000 2018,"RT @jdelreal: Hundreds of people who were waiting outside have made their way into the city hall foyer, where they are chanting Stephon Cla‚Ä¶",0.0,0.0,1.0,0.0,12
412,nytimes,Wed Mar 28 01:10:50 +0000 2018,Breaking News: President Trump secured his first major trade deal: a pact with South Korea. It may have been driven‚Ä¶ https://t.co/ie34rULVmY,0.4019,0.124,0.876,0.0,13
413,nytimes,Wed Mar 28 01:02:06 +0000 2018,"Evening Briefing: Here's what you need to know at the end of the day
https://t.co/viDImohrSe",0.0,0.0,1.0,0.0,14
414,nytimes,Wed Mar 28 00:51:06 +0000 2018,"Dr. John Cacioppo, who bridged biology and psychology in exploring the health effects of loneliness, dies at 66 https://t.co/Czq6evXOGX",-0.4215,0.0,0.865,0.135,15
415,nytimes,Wed Mar 28 00:41:04 +0000 2018,RT @jdelreal: Stephon Clark‚Äôs brother is interrupting the city council meeting. ‚ÄúThey don‚Äôt care about you!‚Äù he screamed. https://t.co/GrXi‚Ä¶,-0.1511,0.133,0.667,0.2,16
416,nytimes,Wed Mar 28 00:32:04 +0000 2018,Some might find the idea of speed-solving @nytimes crossword puzzles intimidating. Not this group.‚Ä¶ https://t.co/bfSPo3yCxa,-0.4404,0.0,0.828,0.172,17
417,nytimes,Wed Mar 28 00:17:05 +0000 2018,At least 12 states signaled that they would sue to block the Trump administration from adding a question about citi‚Ä¶ https://t.co/C4Pn782AFc,-0.4404,0.0,0.868,0.132,18
418,nytimes,Wed Mar 28 00:08:05 +0000 2018,RT @jdelreal: Packed house today at the Sacramento City Council meeting to discuss the Stephon Clark shooting. The room is at capacity and‚Ä¶,0.0,0.0,1.0,0.0,19
419,nytimes,Wed Mar 28 00:03:00 +0000 2018,The surprise discussions added another layer of complexity to the rush of global diplomacy around North Korea‚Äôs nuc‚Ä¶ https://t.co/fkwmip5h3Z,0.2732,0.104,0.896,0.0,20
420,nytimes,Tue Mar 27 23:52:39 +0000 2018,Breaking News: North Korea's leader is said to have met secretly with China's president. It was Kim Jong-un‚Äôs first‚Ä¶ https://t.co/Mw0YpWvfbC,0.0,0.0,1.0,0.0,21
421,nytimes,Tue Mar 27 23:32:05 +0000 2018,"As you walk into a room at University of California, Irvine, the first thing you notice are the fruit and vegetable‚Ä¶ https://t.co/c7KTBOf2dZ",0.0,0.0,1.0,0.0,22
422,nytimes,Tue Mar 27 23:17:02 +0000 2018,"H&amp;M is a ""fast fashion"" giant. But it has a big problem: A $4.3 billion pile of unsold clothes. https://t.co/xkjuVRmCJT",-0.4019,0.0,0.856,0.144,23
423,nytimes,Tue Mar 27 23:02:03 +0000 2018,"It's pretty clear how birds, even dinosaurs, got their wings. But how insects got theirs has been a mystery -- unti‚Ä¶ https://t.co/izgS59NtxG",0.7003,0.234,0.766,0.0,24
424,nytimes,Tue Mar 27 22:47:04 +0000 2018,"Evening Briefing: Here's what you need to know at the end of the day
https://t.co/v54i6wg4pj",0.0,0.0,1.0,0.0,25
425,nytimes,Tue Mar 27 22:32:02 +0000 2018,RT @jdelreal: About two dozen people are gathered here at the Sacramento County District Attorney‚Äôs Office to protest the death of Stephon‚Ä¶,-0.7096,0.0,0.772,0.228,26
426,nytimes,Tue Mar 27 22:17:02 +0000 2018,"Apple is introducing a new iPad, trying to become a force again in classrooms, a battle fought against Google and M‚Ä¶ https://t.co/AAPH4kWu1N",-0.5994,0.0,0.776,0.224,27
427,nytimes,Tue Mar 27 22:01:06 +0000 2018,The 2020 census is a snapshot of America that will affect the number of congressional seats and how state and feder‚Ä¶ https://t.co/HcGCEs7ftP,0.0772,0.061,0.939,0.0,28
428,nytimes,Tue Mar 27 21:47:02 +0000 2018,"RT @cliffordlevy: Some Republicans fear the midterms may come down to one thing: Trump‚Äôs conduct. (Including Stormy.)
""He blocks everything‚Ä¶",-0.6249,0.0,0.779,0.221,29
429,nytimes,Tue Mar 27 21:32:51 +0000 2018,A fatal helicopter crash in New York‚Äôs East River may have been caused by a passenger‚Äôs harness accidentally trippi‚Ä¶ https://t.co/ilkS6nx9rz,-0.8225,0.0,0.636,0.364,30
430,nytimes,Tue Mar 27 21:16:03 +0000 2018,"He was wrongfully convicted of rape and murder and spent 23 years behind bars. This week, he returned to work as a‚Ä¶ https://t.co/zIGxzZlm4E",-0.886,0.0,0.691,0.309,31
431,nytimes,Tue Mar 27 21:00:23 +0000 2018,Here are 11 movies you won‚Äôt want to miss https://t.co/DeWdoxFniP,-0.0772,0.119,0.734,0.147,32
432,nytimes,Tue Mar 27 20:45:08 +0000 2018,"If President Trump actually meets Kim Jong-un, his challenge will be much larger than merely persuading North Korea‚Ä¶ https://t.co/7JveTkU9oD",0.0772,0.067,0.933,0.0,33
433,nytimes,Tue Mar 27 20:30:04 +0000 2018,"‚ÄúThe Americans‚Äù has always been as much about marriage and partnership as about geopolitics, our critic writes https://t.co/UXPe1hO5R1",-0.2732,0.0,0.89,0.11,34
434,nytimes,Tue Mar 27 20:22:03 +0000 2018,"Roseanne believes President Trump doesn't oppose same-sex marriage. ""He has said it several times, you know, that h‚Ä¶ https://t.co/E7ThXtFRAn",0.0,0.0,1.0,0.0,35
435,nytimes,Tue Mar 27 20:15:06 +0000 2018,"If it is successful, the Trump administration could come closer than any Republican White House has to achieving a‚Ä¶ https://t.co/edKynbq7K7",0.5859,0.167,0.833,0.0,36
436,nytimes,Tue Mar 27 20:00:12 +0000 2018,These almond cookies need just 4 ingredients https://t.co/gY9TpfJdjd,0.0,0.0,1.0,0.0,37
437,nytimes,Tue Mar 27 19:54:49 +0000 2018,"In Opinion,
Isabelle Robinson, a senior at Marjory Stoneman Douglas High School, writes, ""The idea that we are to b‚Ä¶ https://t.co/uxs0El114r",0.0,0.0,1.0,0.0,38
438,nytimes,Tue Mar 27 19:45:05 +0000 2018,"""A strong case could be made for [Gerald] Murnane, who recently turned 79, as the greatest living English-language‚Ä¶ https://t.co/7ESwrnkrfv",0.8176,0.306,0.694,0.0,39
439,nytimes,Tue Mar 27 19:30:04 +0000 2018,"Two graphic designers founded Turbo without fully knowing what it would be. Now, the studio is part of a growing de‚Ä¶ https://t.co/xmZNfQqdZX",0.1779,0.078,0.922,0.0,40
440,nytimes,Tue Mar 27 19:21:01 +0000 2018,The attorney general is responding to public outcry over a police shooting in which an unarmed black man was killed‚Ä¶ https://t.co/64nSNabytF,-0.5106,0.0,0.852,0.148,41
441,nytimes,Tue Mar 27 19:15:07 +0000 2018,"The photos are surreal, like a Martian ski slope or a toasted marshmallow sky https://t.co/VFHIgBVETa",0.3612,0.172,0.828,0.0,42
442,nytimes,Tue Mar 27 19:06:03 +0000 2018,"By branching into public forums, Breitbart is taking a cue from one of its perennial foes: the mainstream media https://t.co/8wS7IUFeQU",-0.4588,0.0,0.857,0.143,43
443,nytimes,Tue Mar 27 19:00:16 +0000 2018,"Check out our new animations about race and mobility, or make one of your own https://t.co/FNt0PtuI8l",0.0,0.0,1.0,0.0,44
444,nytimes,Tue Mar 27 18:51:02 +0000 2018,Horrific accounts of children struggling to escape the blazing shopping mall distracted public attention from a dip‚Ä¶ https://t.co/0ngky3p6Km,-0.836,0.07,0.535,0.395,45
445,nytimes,Tue Mar 27 18:45:05 +0000 2018,"Fair housing groups filed a lawsuit saying that Facebook continues to discriminate against certain groups, includin‚Ä¶ https://t.co/cBbsa2X9BK",0.3612,0.228,0.674,0.098,46
446,nytimes,Tue Mar 27 18:34:16 +0000 2018,"RT @nytimesworld: ‚ÄúSpain is creating a situation where Europe‚Äôs judges rather than its politicians are being asked to solve Catalonia,‚Äù one‚Ä¶",0.4588,0.182,0.818,0.0,47
447,nytimes,Tue Mar 27 18:30:15 +0000 2018,"Under pressure, Mark Zuckerberg agreed to testify before Congress over Facebook‚Äôs handling of user data, people fam‚Ä¶ https://t.co/MvIygDFq9u",-0.0258,0.103,0.788,0.108,48
448,nytimes,Tue Mar 27 18:15:03 +0000 2018,Critics say the rule could throw patients who lost access to the drugs into withdrawal or even provoke them to buy‚Ä¶ https://t.co/06RkHiijim,-0.7269,0.042,0.684,0.274,49
449,nytimes,Tue Mar 27 18:00:09 +0000 2018,Tempest in an egg spoon: How Alice Waters's fancy utensil set off a culinary culture war that touches on class and‚Ä¶ https://t.co/g0XvIB6ABy,-0.5994,0.0,0.837,0.163,50
450,nytimes,Tue Mar 27 17:45:10 +0000 2018,"Lieutenant Davidson left behind a wife and four young children, and came from a family of firefighters, with his fa‚Ä¶ https://t.co/qoREudBKjp",0.0,0.0,1.0,0.0,51
451,nytimes,Tue Mar 27 17:30:09 +0000 2018,"‚ÄúIt‚Äôs like a beauty pageant. The fish cannot be fat. It must look strong and have personality."" https://t.co/nSKiuU0x9i",0.8625,0.407,0.593,0.0,52
452,nytimes,Tue Mar 27 17:25:08 +0000 2018,"RT @amyfiscus: ""Bulletproof, Slow and Full of Wine‚Äù is also the title of my autobiography https://t.co/JthIHU4sY5",0.0,0.0,1.0,0.0,53
453,nytimes,Tue Mar 27 17:15:07 +0000 2018,Roseanne has become a Trump supporter https://t.co/bs6NXUo6mr,0.2732,0.296,0.704,0.0,54
454,nytimes,Tue Mar 27 17:07:50 +0000 2018,"Tanzina Vega is the new host of ‚ÄúThe Takeaway,‚Äù succeeding John Hockenberry, who was accused of sexual harassment a‚Ä¶ https://t.co/zrO7bNE7I5",-0.3612,0.124,0.656,0.22,55
455,nytimes,Tue Mar 27 17:00:12 +0000 2018,"Why are the Parkland students being attacked? ‚ÄúTogether we kind of form an unstoppable force that terrifies them."" https://t.co/wTnnc2IOLq",-0.8126,0.0,0.656,0.344,56
456,nytimes,Tue Mar 27 16:56:20 +0000 2018,"RT @KevinQ: New today in Upshot-land, income mobility ladders for girls, Asian-Americans and other groups. Or make your own ‚Äì there are tho‚Ä¶",0.0,0.0,1.0,0.0,57
457,nytimes,Tue Mar 27 16:45:08 +0000 2018,"""I got back to something I‚Äôd been missing over a month of solo travel: the joy of getting lost with someone whose c‚Ä¶ https://t.co/uTaaAFEJSa",0.0772,0.134,0.707,0.159,58
458,nytimes,Tue Mar 27 16:30:20 +0000 2018,"""Being crazy isn't enough."" A Manhattan nanny charged with killing two children in her care is pursuing an insanity‚Ä¶ https://t.co/ro78pJw85B",-0.6597,0.119,0.56,0.321,59
459,nytimes,Tue Mar 27 16:15:12 +0000 2018,"Two white police officers in Baton Rouge, La., will not be prosecuted in the fatal 2016 shooting of Alton Sterling,‚Ä¶ https://t.co/kRzukrAMDy",-0.3217,0.088,0.77,0.142,60
460,nytimes,Tue Mar 27 16:00:11 +0000 2018,"The former dean, William D. Strampel, was accused not only of failing to protect women and girls from Larry Nassar,‚Ä¶ https://t.co/saN2IbTMhc",0.477,0.208,0.706,0.086,61
461,nytimes,Tue Mar 27 15:54:29 +0000 2018,RT @nytimesbusiness: ‚ÄúTrump has been a godsend for China.‚Äù The potential cost of moving away from institutions and alliances in favor of a‚Ä¶,0.7579,0.245,0.755,0.0,62
462,nytimes,Tue Mar 27 15:45:04 +0000 2018,"The Rev. Samuel Rodriguez thinks of himself as a modern-day Joseph in Pharaoh‚Äôs court, placed there to save his peo‚Ä¶ https://t.co/ajpHlmGwE4",0.4939,0.144,0.856,0.0,63
463,nytimes,Tue Mar 27 15:31:54 +0000 2018,"RT @patrickhealynyt: Roseanne Barr &amp; I got into it when she claimed Trump favors same-sex marriage: ""Yes, he does. He has said it several t‚Ä¶",0.25,0.08,0.92,0.0,64
464,nytimes,Tue Mar 27 15:30:10 +0000 2018,"Federal authorities charged Keith Raniere, the head of the Albany-area group Nxivm, with forcing women to have sex‚Ä¶ https://t.co/L5xGmbNUfG",-0.2023,0.0,0.909,0.091,65
465,nytimes,Tue Mar 27 15:15:10 +0000 2018,"In Opinion,
Op-Ed columnist @PaulKrugman writes, ""The simple truth is that ever since Reagan, Republicans have basi‚Ä¶ https://t.co/2xROYOSesk",0.3182,0.119,0.881,0.0,66
466,nytimes,Tue Mar 27 15:00:29 +0000 2018,RT @nytopinion: Stormy Daniels is not the first person who claims to have been threatened after crossing Donald Trump https://t.co/jq4XA1hs‚Ä¶,-0.4588,0.0,0.864,0.136,67
467,nytimes,Tue Mar 27 14:45:03 +0000 2018,"RT @nytimesarts: Chris Evans makes a terrific Broadway debut in ""Lobby Hero"" https://t.co/RSHFjyp02o",0.7783,0.464,0.536,0.0,68
468,nytimes,Tue Mar 27 14:30:10 +0000 2018,"On U.S. involvement in the Syrian war, one operative said: ‚ÄúRussia is more honorable and trustworthy than the Unite‚Ä¶ https://t.co/j4nPJbWm4Q",0.5799,0.268,0.595,0.137,69
469,nytimes,Tue Mar 27 14:21:31 +0000 2018,"RT @nytimesbusiness: Waymo says it will buy up to 20,000 electric cars from Jaguar Land Rover as it strives to put a ride service into oper‚Ä¶",0.0,0.0,1.0,0.0,70
470,nytimes,Tue Mar 27 14:15:05 +0000 2018,"Stephen Colbert and other late-night hosts were not surprised by Stephanie Clifford's ""60 Minutes"" interview https://t.co/i7tEE6rroE",-0.1695,0.0,0.9,0.1,71
471,nytimes,Tue Mar 27 13:59:04 +0000 2018,"""I'm sure there are other Cambridge Analyticas out there,"" Senator John Kennedy said. ""Facebook isn't just a compan‚Ä¶ https://t.co/q02W3HcwDe",0.3182,0.119,0.881,0.0,72
472,nytimes,Tue Mar 27 13:44:04 +0000 2018,RT @nytopinion: John Paul Stevens: Repealing the Second Amendment would move Saturday‚Äôs marchers closer to their objective than any other p‚Ä¶,0.0,0.0,1.0,0.0,73
473,nytimes,Tue Mar 27 13:30:12 +0000 2018,Polls and recent elections show that Trump has galvanized liberal and moderate voters to oppose his party. Yet at t‚Ä¶ https://t.co/hj0feZkpk5,0.4019,0.119,0.881,0.0,74
474,nytimes,Tue Mar 27 13:15:05 +0000 2018,"RT @nytgraphics: All 435 House seats are up for election this November, but just 48 are considered competitive: 41 held by Republicans, 7 b‚Ä¶",0.2617,0.085,0.915,0.0,75
475,nytimes,Tue Mar 27 13:00:31 +0000 2018,Morning Briefing: Here's what you need to know to start your day https://t.co/1cL3jRvE6f https://t.co/DZGs6ucJlW,0.0,0.0,1.0,0.0,76
476,nytimes,Tue Mar 27 12:45:07 +0000 2018,The Maryland school shooter who fatally shot his ex-girlfriend and injured another student last week killed himself‚Ä¶ https://t.co/n7N1XpSNsB,-0.9081,0.0,0.568,0.432,77
477,nytimes,Tue Mar 27 12:31:05 +0000 2018,Linda Brown came to symbolize one of the most transformative court proceedings in American history https://t.co/vUcEP99A3g,0.0,0.0,1.0,0.0,78
478,nytimes,Tue Mar 27 12:14:03 +0000 2018,"A housemate of the Austin bomber has become a ""person of interest"" in the investigation https://t.co/thNrBdpcJM",0.4588,0.188,0.812,0.0,79
479,nytimes,Tue Mar 27 12:00:10 +0000 2018,"Your daily @DealBook Briefing:

‚Ä¢ Citigroup became the biggest Wall Street firm thus far to take actions to limit g‚Ä¶ https://t.co/trOfabkKIY",0.0,0.0,1.0,0.0,80
480,nytimes,Tue Mar 27 11:44:04 +0000 2018,"Lobster, wine and ""lady conductors"": What we know about North Korea's mystery train https://t.co/PCuXFczwwb",0.0,0.0,1.0,0.0,81
481,nytimes,Tue Mar 27 11:30:01 +0000 2018,"""From a European perspective, the shock comes from the fact that the U.S. is now seen as a destabilizing force, lik‚Ä¶ https://t.co/IMDcz7Nj2v",-0.3818,0.0,0.88,0.12,82
482,nytimes,Tue Mar 27 11:16:02 +0000 2018,"Eight years ago, the United States and Russia agreed to a spy swap that sent a Russian double agent to safety in Br‚Ä¶ https://t.co/5Dv7DOef5y",0.7717,0.288,0.712,0.0,83
483,nytimes,Tue Mar 27 11:00:12 +0000 2018,"The former dean of Michigan State University‚Äôs medical school, who supervised the disgraced physician Lawrence Nass‚Ä¶ https://t.co/zvJMTgrnB7",-0.4588,0.0,0.842,0.158,84
484,nytimes,Tue Mar 27 10:45:04 +0000 2018,"Within 30 seconds of arriving, Deputy Brewer had exited his car, confronted a man in the street whose pants were ar‚Ä¶ https://t.co/LzNamOCMQf",-0.2023,0.0,0.917,0.083,85
485,nytimes,Tue Mar 27 10:30:04 +0000 2018,"The 2020 census will ask respondents whether they are U.S. citizens, the Commerce Department announced, agreeing to‚Ä¶ https://t.co/zz1aqLKqAT",0.34,0.124,0.876,0.0,86
486,nytimes,Tue Mar 27 10:16:05 +0000 2018,A video that appeared to show the arrival in Beijing of an old-style green train fueled speculation that a high-lev‚Ä¶ https://t.co/nB2RJVVDYe,0.0,0.0,1.0,0.0,87
487,nytimes,Tue Mar 27 10:00:18 +0000 2018,Morning¬†Briefing: Here's what you need to know to start your day https://t.co/C4v9hpi3Ye https://t.co/QLK2dlg5qA,0.0,0.0,1.0,0.0,88
488,nytimes,Tue Mar 27 09:55:11 +0000 2018,"Others have come at President Trump with indignation, righteousness and appeals to decency. Stormy Daniels swatted‚Ä¶ https://t.co/iq3gZcZzNd",-0.5267,0.0,0.825,0.175,89
489,nytimes,Tue Mar 27 09:30:02 +0000 2018,"""She called me at 4:11 p.m. the last time and told me that everything was in flames, and that the doors were blocke‚Ä¶ https://t.co/T2XmtaoKxp",0.0,0.0,1.0,0.0,90
490,nytimes,Tue Mar 27 09:16:02 +0000 2018,"A woman who survived the Holocaust was murdered in Paris, in what the authorities are calling a hate crime https://t.co/PCfeDQFPrz",-0.8519,0.114,0.484,0.401,91
491,nytimes,Tue Mar 27 08:59:03 +0000 2018,"After 61 weeks in the White House, President Trump has found 2 people he won‚Äôt attack on Twitter: Stormy Daniels an‚Ä¶ https://t.co/5VpaR8vviN",-0.4767,0.0,0.866,0.134,92
492,nytimes,Tue Mar 27 08:46:08 +0000 2018,"China's first space station, Tiangong-1, abandoned and out of control, is expected to drop out of orbit around this‚Ä¶ https://t.co/IURCPOQDHv",-0.6249,0.0,0.779,0.221,93
493,nytimes,Tue Mar 27 08:30:11 +0000 2018,"RT @nytimesworld: To Europeans, the brazen poisoning of a former Russian spy and his daughter in Salisbury, England, crossed a line. That h‚Ä¶",-0.5859,0.0,0.84,0.16,94
494,nytimes,Tue Mar 27 08:14:03 +0000 2018,"The main Brexit campaign in the referendum on Britain‚Äôs EU membership funneled more than $900,000 to a puppet organ‚Ä¶ https://t.co/9Vzlfx7fHr",0.0258,0.058,0.942,0.0,95
495,nytimes,Tue Mar 27 08:02:01 +0000 2018,President Trump has stayed in touch with Rob Porter and has told some advisers he hopes Porter returns to work in t‚Ä¶ https://t.co/AM9RjUNwtB,-0.2023,0.102,0.766,0.131,96
496,nytimes,Tue Mar 27 07:47:05 +0000 2018,A sprawling exhibition in Amsterdam looks at how a fascination with Japan shaped van Gogh's work https://t.co/1kMpdRcvCs,0.4939,0.186,0.814,0.0,97
497,nytimes,Tue Mar 27 07:32:02 +0000 2018,"‚ÄúThe world‚Äôs patience is rather wearing thin with President Putin and his actions,‚Äù said the British defense secret‚Ä¶ https://t.co/mfKxquWuau",0.128,0.077,0.923,0.0,98
498,nytimes,Tue Mar 27 07:18:01 +0000 2018,"RT @meslackman: All roads may lead to Rome, but when you get here the mean streets and wrecked pavements will puncture your tires, break yo‚Ä¶",0.0,0.0,1.0,0.0,99
499,nytimes,Tue Mar 27 07:11:35 +0000 2018,The Ethicist: Must I Tell My Boss I‚Äôm Absent Because of Mental Illness? https://t.co/OmG8vR4vhG,-0.4019,0.0,0.816,0.184,100
